model,precision,recall
Logistic regression (baseline),0.22091380122468204,1.0
Logistic regression (baseline),0.22101790763430726,1.0
Logistic regression (baseline),0.22112211221122113,1.0
Logistic regression (baseline),0.22122641509433963,1.0
Logistic regression (baseline),0.22133081642284097,1.0
Logistic regression (baseline),0.2214353163361662,1.0
Logistic regression (baseline),0.22153991497401984,1.0
Logistic regression (baseline),0.22174940898345152,1.0
Logistic regression (baseline),0.22185430463576158,1.0
Logistic regression (baseline),0.22195929957406532,1.0
Logistic regression (baseline),0.22206439393939395,1.0
Logistic regression (baseline),0.22216958787304594,1.0
Logistic regression (baseline),0.22238027501185395,1.0
Logistic regression (baseline),0.22248576850094876,1.0
Logistic regression (baseline),0.22259136212624583,1.0
Logistic regression (baseline),0.22269705603038936,1.0
Logistic regression (baseline),0.22280285035629455,1.0
Logistic regression (baseline),0.2229087452471483,1.0
Logistic regression (baseline),0.2230147408464099,1.0
Logistic regression (baseline),0.2231208372978116,1.0
Logistic regression (baseline),0.22322703474535935,1.0
Logistic regression (baseline),0.22333333333333333,1.0
Logistic regression (baseline),0.2234397332062887,1.0
Logistic regression (baseline),0.22365283738674296,1.0
Logistic regression (baseline),0.22386634844868736,1.0
Logistic regression (baseline),0.2239732569245463,1.0
Logistic regression (baseline),0.22408026755852842,1.0
Logistic regression (baseline),0.22418738049713194,1.0
Logistic regression (baseline),0.22429459588713535,1.0
Logistic regression (baseline),0.22440191387559807,1.0
Logistic regression (baseline),0.22450933460986117,1.0
Logistic regression (baseline),0.2246168582375479,1.0
Logistic regression (baseline),0.22472448490656444,1.0
Logistic regression (baseline),0.22483221476510068,1.0
Logistic regression (baseline),0.2249400479616307,1.0
Logistic regression (baseline),0.22504798464491363,1.0
Logistic regression (baseline),0.22515602496399423,1.0
Logistic regression (baseline),0.22526416906820365,1.0
Logistic regression (baseline),0.22537241710716002,1.0
Logistic regression (baseline),0.22548076923076923,1.0
Logistic regression (baseline),0.2255892255892256,1.0
Logistic regression (baseline),0.22569778633301252,1.0
Logistic regression (baseline),0.22580645161290322,1.0
Logistic regression (baseline),0.22591522157996147,1.0
Logistic regression (baseline),0.22602409638554216,1.0
Logistic regression (baseline),0.2261330761812922,1.0
Logistic regression (baseline),0.226242161119151,1.0
Logistic regression (baseline),0.22635135135135134,1.0
Logistic regression (baseline),0.2264606470304201,1.0
Logistic regression (baseline),0.22657004830917873,1.0
Logistic regression (baseline),0.22667955534074433,1.0
Logistic regression (baseline),0.22678916827853,1.0
Logistic regression (baseline),0.22689888727624577,1.0
Logistic regression (baseline),0.22700871248789933,1.0
Logistic regression (baseline),0.2271186440677966,1.0
Logistic regression (baseline),0.22722868217054262,1.0
Logistic regression (baseline),0.22733882695104218,1.0
Logistic regression (baseline),0.22744907856450047,1.0
Logistic regression (baseline),0.22755943716642407,1.0
Logistic regression (baseline),0.22766990291262135,1.0
Logistic regression (baseline),0.22789115646258504,1.0
Logistic regression (baseline),0.2280019445794847,1.0
Logistic regression (baseline),0.22811284046692606,1.0
Logistic regression (baseline),0.22833495618305744,1.0
Logistic regression (baseline),0.22844617632732586,1.0
Logistic regression (baseline),0.22855750487329435,1.0
Logistic regression (baseline),0.22866894197952217,1.0
Logistic regression (baseline),0.22878048780487806,1.0
Logistic regression (baseline),0.22900390625,1.0
Logistic regression (baseline),0.22911577918905715,1.0
Logistic regression (baseline),0.229227761485826,1.0
Logistic regression (baseline),0.2293398533007335,1.0
Logistic regression (baseline),0.22945205479452055,1.0
Logistic regression (baseline),0.22956436612824277,1.0
Logistic regression (baseline),0.22978931896129348,1.0
Logistic regression (baseline),0.23001471309465424,1.0
Logistic regression (baseline),0.23012757605495585,1.0
Logistic regression (baseline),0.23024054982817868,1.0
Logistic regression (baseline),0.23035363457760313,1.0
Logistic regression (baseline),0.23046683046683047,1.0
Logistic regression (baseline),0.2305801376597837,1.0
Logistic regression (baseline),0.23069355632070832,1.0
Logistic regression (baseline),0.23080708661417323,1.0
Logistic regression (baseline),0.23092072870507138,1.0
Logistic regression (baseline),0.23103448275862068,1.0
Logistic regression (baseline),0.2311483489403647,1.0
Logistic regression (baseline),0.23126232741617356,1.0
Logistic regression (baseline),0.2313764183522447,1.0
Logistic regression (baseline),0.23149062191510364,1.0
Logistic regression (baseline),0.23160493827160494,1.0
Logistic regression (baseline),0.2317193675889328,1.0
Logistic regression (baseline),0.23183391003460208,1.0
Logistic regression (baseline),0.23194856577645895,1.0
Logistic regression (baseline),0.23206333498268183,1.0
Logistic regression (baseline),0.2321782178217822,1.0
Logistic regression (baseline),0.23229321446260526,1.0
Logistic regression (baseline),0.232408325074331,1.0
Logistic regression (baseline),0.23252354982647497,1.0
Logistic regression (baseline),0.2326388888888889,1.0
Logistic regression (baseline),0.2327543424317618,1.0
Logistic regression (baseline),0.23286991062562065,1.0
Logistic regression (baseline),0.23298559364133134,1.0
Logistic regression (baseline),0.2331013916500994,1.0
Logistic regression (baseline),0.23321730482347092,1.0
Logistic regression (baseline),0.23333333333333334,1.0
Logistic regression (baseline),0.23344947735191637,1.0
Logistic regression (baseline),0.23356573705179282,1.0
Logistic regression (baseline),0.23368211260587943,1.0
Logistic regression (baseline),0.2337986041874377,1.0
Logistic regression (baseline),0.2339152119700748,1.0
Logistic regression (baseline),0.2340319361277445,1.0
Logistic regression (baseline),0.23414877683474788,1.0
Logistic regression (baseline),0.23426573426573427,1.0
Logistic regression (baseline),0.23438280859570215,1.0
Logistic regression (baseline),0.2345,1.0
Logistic regression (baseline),0.23461730865432717,1.0
Logistic regression (baseline),0.23473473473473475,1.0
Logistic regression (baseline),0.23485227841762643,1.0
Logistic regression (baseline),0.23496993987975953,1.0
Logistic regression (baseline),0.23508771929824562,1.0
Logistic regression (baseline),0.23520561685055166,1.0
Logistic regression (baseline),0.23532363271450074,1.0
Logistic regression (baseline),0.2354417670682731,1.0
Logistic regression (baseline),0.23556002009040683,1.0
Logistic regression (baseline),0.235678391959799,1.0
Logistic regression (baseline),0.23579688285570638,1.0
Logistic regression (baseline),0.23591549295774647,1.0
Logistic regression (baseline),0.23603422244589833,1.0
Logistic regression (baseline),0.23615307150050352,1.0
Logistic regression (baseline),0.23651033787191125,1.0
Logistic regression (baseline),0.23662966700302723,1.0
Logistic regression (baseline),0.23674911660777384,1.0
Logistic regression (baseline),0.23686868686868687,1.0
Logistic regression (baseline),0.23698837796867103,1.0
Logistic regression (baseline),0.237108190091001,1.0
Logistic regression (baseline),0.2372281234193222,1.0
Logistic regression (baseline),0.23734817813765183,1.0
Logistic regression (baseline),0.23746835443037975,1.0
Logistic regression (baseline),0.2375886524822695,1.0
Logistic regression (baseline),0.2377090724784592,1.0
Logistic regression (baseline),0.23782961460446247,1.0
Logistic regression (baseline),0.23795027904616944,1.0
Logistic regression (baseline),0.2380710659898477,1.0
Logistic regression (baseline),0.23819197562214323,1.0
Logistic regression (baseline),0.2383130081300813,1.0
Logistic regression (baseline),0.23843416370106763,1.0
Logistic regression (baseline),0.23855544252288913,1.0
Logistic regression (baseline),0.238676844783715,1.0
Logistic regression (baseline),0.23879837067209775,1.0
Logistic regression (baseline),0.23892002037697402,1.0
Logistic regression (baseline),0.23904179408766565,1.0
Logistic regression (baseline),0.23916369199388068,1.0
Logistic regression (baseline),0.2392857142857143,1.0
Logistic regression (baseline),0.23940786115364981,1.0
Logistic regression (baseline),0.23953013278855975,1.0
Logistic regression (baseline),0.2396525293817067,1.0
Logistic regression (baseline),0.23977505112474437,1.0
Logistic regression (baseline),0.23989769820971868,1.0
Logistic regression (baseline),0.24002047082906858,1.0
Logistic regression (baseline),0.24014336917562723,1.0
Logistic regression (baseline),0.24026639344262296,1.0
Logistic regression (baseline),0.24038954382368016,1.0
Logistic regression (baseline),0.2408834103749358,1.0
Logistic regression (baseline),0.24100719424460432,1.0
Logistic regression (baseline),0.24113110539845758,1.0
Logistic regression (baseline),0.2412551440329218,1.0
Logistic regression (baseline),0.2413793103448276,1.0
Logistic regression (baseline),0.24098867147270855,0.997867803837953
Logistic regression (baseline),0.24059763008758372,0.9957356076759062
Logistic regression (baseline),0.2407216494845361,0.9957356076759062
Logistic regression (baseline),0.2408457968024755,0.9957356076759062
Logistic regression (baseline),0.24097007223942207,0.9957356076759062
Logistic regression (baseline),0.24109447599380485,0.9957356076759062
Logistic regression (baseline),0.2412190082644628,0.9957356076759062
Logistic regression (baseline),0.241343669250646,0.9957356076759062
Logistic regression (baseline),0.24146845915201653,0.9957356076759062
Logistic regression (baseline),0.24159337816864976,0.9957356076759062
Logistic regression (baseline),0.2417184265010352,0.9957356076759062
Logistic regression (baseline),0.24184360435007768,0.9957356076759062
Logistic regression (baseline),0.24196891191709843,0.9957356076759062
Logistic regression (baseline),0.24209434940383617,0.9957356076759062
Logistic regression (baseline),0.24221991701244813,0.9957356076759062
Logistic regression (baseline),0.24234561494551116,0.9957356076759062
Logistic regression (baseline),0.24247144340602284,0.9957356076759062
Logistic regression (baseline),0.2425974025974026,0.9957356076759062
Logistic regression (baseline),0.24272349272349272,0.9957356076759062
Logistic regression (baseline),0.24284971398855953,0.9957356076759062
Logistic regression (baseline),0.24245577523413112,0.9936034115138592
Logistic regression (baseline),0.24258198854763144,0.9936034115138592
Logistic regression (baseline),0.24270833333333333,0.9936034115138592
Logistic regression (baseline),0.24283480979676916,0.9936034115138592
Logistic regression (baseline),0.2429614181438999,0.9936034115138592
Logistic regression (baseline),0.24308815858111632,0.9936034115138592
Logistic regression (baseline),0.24321503131524008,0.9936034115138592
Logistic regression (baseline),0.2433420365535248,0.9936034115138592
Logistic regression (baseline),0.24294670846394983,0.9914712153518124
Logistic regression (baseline),0.24307370622059593,0.9914712153518124
Logistic regression (baseline),0.24320083682008367,0.9914712153518124
Logistic regression (baseline),0.24332810047095763,0.9914712153518124
Logistic regression (baseline),0.24345549738219896,0.9914712153518124
Logistic regression (baseline),0.24358302776322682,0.9914712153518124
Logistic regression (baseline),0.24371069182389937,0.9914712153518124
Logistic regression (baseline),0.24331410592553748,0.9893390191897654
Logistic regression (baseline),0.24344176285414482,0.9893390191897654
Logistic regression (baseline),0.24356955380577427,0.9893390191897654
Logistic regression (baseline),0.24369747899159663,0.9893390191897654
Logistic regression (baseline),0.24382553862322648,0.9893390191897654
Logistic regression (baseline),0.24395373291272346,0.9893390191897654
Logistic regression (baseline),0.24408206207259336,0.9893390191897654
Logistic regression (baseline),0.24421052631578946,0.9893390191897654
Logistic regression (baseline),0.24433912585571355,0.9893390191897654
Logistic regression (baseline),0.24446786090621708,0.9893390191897654
Logistic regression (baseline),0.24459673168160254,0.9893390191897654
Logistic regression (baseline),0.24472573839662448,0.9893390191897654
Logistic regression (baseline),0.24485488126649077,0.9893390191897654
Logistic regression (baseline),0.24498416050686378,0.9893390191897654
Logistic regression (baseline),0.2451135763338616,0.9893390191897654
Logistic regression (baseline),0.24471458773784355,0.9872068230277186
Logistic regression (baseline),0.24484399788471709,0.9872068230277186
Logistic regression (baseline),0.24497354497354498,0.9872068230277186
Logistic regression (baseline),0.2453630100688924,0.9872068230277186
Logistic regression (baseline),0.2454931071049841,0.9872068230277186
Logistic regression (baseline),0.24562334217506632,0.9872068230277186
Logistic regression (baseline),0.24575371549893843,0.9872068230277186
Logistic regression (baseline),0.2458842272968667,0.9872068230277186
Logistic regression (baseline),0.24601487778958556,0.9872068230277186
Logistic regression (baseline),0.24614566719829878,0.9872068230277186
Logistic regression (baseline),0.24627659574468086,0.9872068230277186
Logistic regression (baseline),0.24640766365087813,0.9872068230277186
Logistic regression (baseline),0.24600638977635783,0.9850746268656716
Logistic regression (baseline),0.24613745338305806,0.9850746268656716
Logistic regression (baseline),0.2462686567164179,0.9850746268656716
Logistic regression (baseline),0.24586666666666668,0.9829424307036247
Logistic regression (baseline),0.24599786552828176,0.9829424307036247
Logistic regression (baseline),0.24612920448478376,0.9829424307036247
Logistic regression (baseline),0.24626068376068377,0.9829424307036247
Logistic regression (baseline),0.24639230358097275,0.9829424307036247
Logistic regression (baseline),0.246524064171123,0.9829424307036247
Logistic regression (baseline),0.24665596575708934,0.9829424307036247
Logistic regression (baseline),0.2467880085653105,0.9829424307036247
Logistic regression (baseline),0.24692019282271024,0.9829424307036247
Logistic regression (baseline),0.2470525187566988,0.9829424307036247
Logistic regression (baseline),0.24718498659517427,0.9829424307036247
Logistic regression (baseline),0.2473175965665236,0.9829424307036247
Logistic regression (baseline),0.24745034889962425,0.9829424307036247
Logistic regression (baseline),0.24758324382384533,0.9829424307036247
Logistic regression (baseline),0.2477162815690489,0.9829424307036247
Logistic regression (baseline),0.2478494623655914,0.9829424307036247
Logistic regression (baseline),0.2479827864443249,0.9829424307036247
Logistic regression (baseline),0.24811625403659848,0.9829424307036247
Logistic regression (baseline),0.24824986537425955,0.9829424307036247
Logistic regression (baseline),0.24838362068965517,0.9829424307036247
Logistic regression (baseline),0.24851752021563342,0.9829424307036247
Logistic regression (baseline),0.2481121898597627,0.9808102345415778
Logistic regression (baseline),0.248246087425796,0.9808102345415778
Logistic regression (baseline),0.24838012958963282,0.9808102345415778
Logistic regression (baseline),0.2485143165856294,0.9808102345415778
Logistic regression (baseline),0.24864864864864866,0.9808102345415778
Logistic regression (baseline),0.24878312601406166,0.9808102345415778
Logistic regression (baseline),0.24891774891774893,0.9808102345415778
Logistic regression (baseline),0.24905251759610178,0.9808102345415778
Logistic regression (baseline),0.24932249322493225,0.9808102345415778
Logistic regression (baseline),0.24959305480195335,0.9808102345415778
Logistic regression (baseline),0.249185667752443,0.9786780383795309
Logistic regression (baseline),0.24932102118413904,0.9786780383795309
Logistic regression (baseline),0.24945652173913044,0.9786780383795309
Logistic regression (baseline),0.2495921696574225,0.9786780383795309
Logistic regression (baseline),0.249727965179543,0.9786780383795309
Logistic regression (baseline),0.24986390854654328,0.9786780383795309
Logistic regression (baseline),0.25,0.9786780383795309
Logistic regression (baseline),0.2501362397820163,0.9786780383795309
Logistic regression (baseline),0.24972737186477645,0.976545842217484
Logistic regression (baseline),0.24986361156573922,0.976545842217484
Logistic regression (baseline),0.25,0.976545842217484
Logistic regression (baseline),0.2501365374112507,0.976545842217484
Logistic regression (baseline),0.2502732240437158,0.976545842217484
Logistic regression (baseline),0.25041006014215417,0.976545842217484
Logistic regression (baseline),0.25054704595185995,0.976545842217484
Logistic regression (baseline),0.2513721185510428,0.976545842217484
Logistic regression (baseline),0.2515101592531576,0.976545842217484
Logistic regression (baseline),0.25164835164835164,0.976545842217484
Logistic regression (baseline),0.2517866959868059,0.976545842217484
Logistic regression (baseline),0.25192519251925194,0.976545842217484
Logistic regression (baseline),0.25206384149697303,0.976545842217484
Logistic regression (baseline),0.2522026431718062,0.976545842217484
Logistic regression (baseline),0.25234159779614324,0.976545842217484
Logistic regression (baseline),0.2519294377067255,0.9744136460554371
Logistic regression (baseline),0.2520683949255378,0.9744136460554371
Logistic regression (baseline),0.2522075055187638,0.9744136460554371
Logistic regression (baseline),0.2523467697404749,0.9744136460554371
Logistic regression (baseline),0.25248618784530386,0.9744136460554371
Logistic regression (baseline),0.25262576008844667,0.9744136460554371
Logistic regression (baseline),0.25276548672566373,0.9744136460554371
Logistic regression (baseline),0.2529053680132817,0.9744136460554371
Logistic regression (baseline),0.2530454042081949,0.9744136460554371
Logistic regression (baseline),0.253185595567867,0.9744136460554371
Logistic regression (baseline),0.25332594235033257,0.9744136460554371
Logistic regression (baseline),0.25346644481419855,0.9744136460554371
Logistic regression (baseline),0.25360710321864594,0.9744136460554371
Logistic regression (baseline),0.2537479178234314,0.9744136460554371
Logistic regression (baseline),0.2538888888888889,0.9744136460554371
Logistic regression (baseline),0.25403001667593106,0.9744136460554371
Logistic regression (baseline),0.25417130144605116,0.9744136460554371
Logistic regression (baseline),0.25431274346132443,0.9744136460554371
Logistic regression (baseline),0.25389755011135856,0.9722814498933902
Logistic regression (baseline),0.2540389972144847,0.9722814498933902
Logistic regression (baseline),0.25418060200668896,0.9722814498933902
Logistic regression (baseline),0.2543223647518126,0.9722814498933902
Logistic regression (baseline),0.2544642857142857,0.9722814498933902
Logistic regression (baseline),0.254606365159129,0.9722814498933902
Logistic regression (baseline),0.2547486033519553,0.9722814498933902
Logistic regression (baseline),0.2548910005589715,0.9722814498933902
Logistic regression (baseline),0.2550335570469799,0.9722814498933902
Logistic regression (baseline),0.25461667599328486,0.9701492537313433
Logistic regression (baseline),0.2547592385218365,0.9701492537313433
Logistic regression (baseline),0.2549019607843137,0.9701492537313433
Logistic regression (baseline),0.25504484304932734,0.9701492537313433
Logistic regression (baseline),0.25518788558609085,0.9701492537313433
Logistic regression (baseline),0.25547445255474455,0.9701492537313433
Logistic regression (baseline),0.2556179775280899,0.9701492537313433
Logistic regression (baseline),0.25519955030916247,0.9680170575692963
Logistic regression (baseline),0.25534308211473566,0.9680170575692963
Logistic regression (baseline),0.2554867754642656,0.9680170575692963
Logistic regression (baseline),0.25563063063063063,0.9680170575692963
Logistic regression (baseline),0.25577464788732396,0.9680170575692963
Logistic regression (baseline),0.25591882750845546,0.9680170575692963
Logistic regression (baseline),0.25606316976875354,0.9680170575692963
Logistic regression (baseline),0.2562076749435666,0.9680170575692963
Logistic regression (baseline),0.256352343308865,0.9680170575692963
Logistic regression (baseline),0.25649717514124293,0.9680170575692963
Logistic regression (baseline),0.2566421707179197,0.9680170575692963
Logistic regression (baseline),0.2569326542161856,0.9680170575692963
Logistic regression (baseline),0.2570781426953567,0.9680170575692963
Logistic regression (baseline),0.256657223796034,0.9658848614072495
Logistic regression (baseline),0.2562358276643991,0.9637526652452025
Logistic regression (baseline),0.2563811684628474,0.9637526652452025
Logistic regression (baseline),0.2565266742338252,0.9637526652452025
Logistic regression (baseline),0.2566723452583759,0.9637526652452025
Logistic regression (baseline),0.25681818181818183,0.9637526652452025
Logistic regression (baseline),0.25696418419556566,0.9637526652452025
Logistic regression (baseline),0.2571103526734926,0.9637526652452025
Logistic regression (baseline),0.257256687535572,0.9637526652452025
Logistic regression (baseline),0.25740318906605925,0.9637526652452025
Logistic regression (baseline),0.25754985754985754,0.9637526652452025
Logistic regression (baseline),0.2576966932725199,0.9637526652452025
Logistic regression (baseline),0.2572732458642327,0.9616204690831557
Logistic regression (baseline),0.2568493150684932,0.9594882729211087
Logistic regression (baseline),0.2569960022844089,0.9594882729211087
Logistic regression (baseline),0.2571428571428571,0.9594882729211087
Logistic regression (baseline),0.25728987993138935,0.9594882729211087
Logistic regression (baseline),0.2574370709382151,0.9594882729211087
Logistic regression (baseline),0.2575844304522038,0.9594882729211087
Logistic regression (baseline),0.25773195876288657,0.9594882729211087
Logistic regression (baseline),0.25787965616045844,0.9594882729211087
Logistic regression (baseline),0.2580275229357798,0.9594882729211087
Logistic regression (baseline),0.25817555938037867,0.9594882729211087
Logistic regression (baseline),0.25832376578645233,0.9594882729211087
Logistic regression (baseline),0.2584721424468696,0.9594882729211087
Logistic regression (baseline),0.25804597701149423,0.9573560767590619
Logistic regression (baseline),0.2581943645773433,0.9573560767590619
Logistic regression (baseline),0.2583429228998849,0.9573560767590619
Logistic regression (baseline),0.2584916522740357,0.9573560767590619
Logistic regression (baseline),0.2586405529953917,0.9573560767590619
Logistic regression (baseline),0.25878962536023054,0.9573560767590619
Logistic regression (baseline),0.25893886966551327,0.9573560767590619
Logistic regression (baseline),0.2590882862088863,0.9573560767590619
Logistic regression (baseline),0.2592378752886836,0.9573560767590619
Logistic regression (baseline),0.2593876372039284,0.9573560767590619
Logistic regression (baseline),0.25953757225433527,0.9573560767590619
Logistic regression (baseline),0.25968768074031234,0.9573560767590619
Logistic regression (baseline),0.25983796296296297,0.9573560767590619
Logistic regression (baseline),0.259988419224088,0.9573560767590619
Logistic regression (baseline),0.26013904982618774,0.9573560767590619
Logistic regression (baseline),0.26028985507246377,0.9573560767590619
Logistic regression (baseline),0.2605919907138712,0.9573560767590619
Logistic regression (baseline),0.2607433217189315,0.9573560767590619
Logistic regression (baseline),0.2608948285880302,0.9573560767590619
Logistic regression (baseline),0.261046511627907,0.9573560767590619
Logistic regression (baseline),0.2606166375799884,0.9552238805970149
Logistic regression (baseline),0.26092020966802565,0.9552238805970149
Logistic regression (baseline),0.26107226107226106,0.9552238805970149
Logistic regression (baseline),0.2612244897959184,0.9552238805970149
Logistic regression (baseline),0.2613768961493582,0.9552238805970149
Logistic regression (baseline),0.2615294804436661,0.9552238805970149
Logistic regression (baseline),0.2616822429906542,0.9552238805970149
Logistic regression (baseline),0.2618351841028638,0.9552238805970149
Logistic regression (baseline),0.26198830409356727,0.9552238805970149
Logistic regression (baseline),0.26155646576945585,0.9530916844349681
Logistic regression (baseline),0.2617096018735363,0.9530916844349681
Logistic regression (baseline),0.2612770943175161,0.9509594882729211
Logistic regression (baseline),0.26143024618991795,0.9509594882729211
Logistic regression (baseline),0.26158357771261,0.9509594882729211
Logistic regression (baseline),0.26173708920187794,0.9509594882729211
Logistic regression (baseline),0.26130358191426895,0.9488272921108742
Logistic regression (baseline),0.26145710928319627,0.9488272921108742
Logistic regression (baseline),0.26161081716637274,0.9488272921108742
Logistic regression (baseline),0.26176470588235295,0.9488272921108742
Logistic regression (baseline),0.2619187757504414,0.9488272921108742
Logistic regression (baseline),0.2620730270906949,0.9488272921108742
Logistic regression (baseline),0.26222746022392457,0.9488272921108742
Logistic regression (baseline),0.2623820754716981,0.9488272921108742
Logistic regression (baseline),0.26253687315634217,0.9488272921108742
Logistic regression (baseline),0.2626918536009445,0.9488272921108742
Logistic regression (baseline),0.26284701712935615,0.9488272921108742
Logistic regression (baseline),0.26300236406619387,0.9488272921108742
Logistic regression (baseline),0.2631578947368421,0.9488272921108742
Logistic regression (baseline),0.26272189349112424,0.9466950959488273
Logistic regression (baseline),0.26287744227353466,0.9466950959488273
Logistic regression (baseline),0.26318909306461175,0.9466950959488273
Logistic regression (baseline),0.26334519572953735,0.9466950959488273
Logistic regression (baseline),0.26350148367952525,0.9466950959488273
Logistic regression (baseline),0.26306413301662707,0.9445628997867804
Logistic regression (baseline),0.26322043969102793,0.9445628997867804
Logistic regression (baseline),0.2633769322235434,0.9445628997867804
Logistic regression (baseline),0.2629387269482451,0.9424307036247335
Logistic regression (baseline),0.2630952380952381,0.9424307036247335
Logistic regression (baseline),0.26325193567599764,0.9424307036247335
Logistic regression (baseline),0.2634088200238379,0.9424307036247335
Logistic regression (baseline),0.26356589147286824,0.9424307036247335
Logistic regression (baseline),0.2637231503579952,0.9424307036247335
Logistic regression (baseline),0.2638805970149254,0.9424307036247335
Logistic regression (baseline),0.2640382317801673,0.9424307036247335
Logistic regression (baseline),0.26419605499103405,0.9424307036247335
Logistic regression (baseline),0.263755980861244,0.9402985074626866
Logistic regression (baseline),0.26407185628742513,0.9402985074626866
Logistic regression (baseline),0.26423007789095265,0.9402985074626866
Logistic regression (baseline),0.2637889688249401,0.9381663113006397
Logistic regression (baseline),0.26394721055788845,0.9381663113006397
Logistic regression (baseline),0.26410564225690275,0.9381663113006397
Logistic regression (baseline),0.26426426426426425,0.9381663113006397
Logistic regression (baseline),0.2644230769230769,0.9381663113006397
Logistic regression (baseline),0.26458208057727,0.9381663113006397
Logistic regression (baseline),0.2641395908543923,0.9360341151385928
Logistic regression (baseline),0.2642986152919928,0.9360341151385928
Logistic regression (baseline),0.2644578313253012,0.9360341151385928
Logistic regression (baseline),0.2646172393007836,0.9360341151385928
Logistic regression (baseline),0.2649366324683162,0.9360341151385928
Logistic regression (baseline),0.26509661835748793,0.9360341151385928
Logistic regression (baseline),0.26525679758308157,0.9360341151385928
Logistic regression (baseline),0.26541717049576785,0.9360341151385928
Logistic regression (baseline),0.2655777374470659,0.9360341151385928
Logistic regression (baseline),0.26573849878934624,0.9360341151385928
Logistic regression (baseline),0.26589945487583283,0.9360341151385928
Logistic regression (baseline),0.26606060606060605,0.9360341151385928
Logistic regression (baseline),0.2662219526986052,0.9360341151385928
Logistic regression (baseline),0.2663834951456311,0.9360341151385928
Logistic regression (baseline),0.2665452337583485,0.9360341151385928
Logistic regression (baseline),0.2667071688942892,0.9360341151385928
Logistic regression (baseline),0.2668693009118541,0.9360341151385928
Logistic regression (baseline),0.2670316301703163,0.9360341151385928
Logistic regression (baseline),0.2671941570298235,0.9360341151385928
Logistic regression (baseline),0.2673568818514007,0.9360341151385928
Logistic regression (baseline),0.26691042047531993,0.9339019189765458
Logistic regression (baseline),0.26707317073170733,0.9339019189765458
Logistic regression (baseline),0.2672361195851129,0.9339019189765458
Logistic regression (baseline),0.2667887667887668,0.9317697228144989
Logistic regression (baseline),0.26695174098961516,0.9317697228144989
Logistic regression (baseline),0.2671149144254279,0.9317697228144989
Logistic regression (baseline),0.2672782874617737,0.9317697228144989
Logistic regression (baseline),0.26744186046511625,0.9317697228144989
Logistic regression (baseline),0.2676056338028169,0.9317697228144989
Logistic regression (baseline),0.26776960784313725,0.9317697228144989
Logistic regression (baseline),0.2679337829552422,0.9317697228144989
Logistic regression (baseline),0.26809815950920246,0.9317697228144989
Logistic regression (baseline),0.2676488643339472,0.929637526652452
Logistic regression (baseline),0.2678132678132678,0.929637526652452
Logistic regression (baseline),0.2679778733866011,0.929637526652452
Logistic regression (baseline),0.26814268142681424,0.929637526652452
Logistic regression (baseline),0.2684729064039409,0.929637526652452
Logistic regression (baseline),0.26863832409118915,0.929637526652452
Logistic regression (baseline),0.2688039457459926,0.929637526652452
Logistic regression (baseline),0.2689697717458359,0.929637526652452
Logistic regression (baseline),0.2691358024691358,0.929637526652452
Logistic regression (baseline),0.26930203829524396,0.929637526652452
Logistic regression (baseline),0.2694684796044499,0.929637526652452
Logistic regression (baseline),0.2696351267779839,0.929637526652452
Logistic regression (baseline),0.2698019801980198,0.929637526652452
Logistic regression (baseline),0.26996904024767804,0.929637526652452
Logistic regression (baseline),0.2701363073110285,0.929637526652452
Logistic regression (baseline),0.2703037817730936,0.929637526652452
Logistic regression (baseline),0.2706393544382371,0.929637526652452
Logistic regression (baseline),0.2708074534161491,0.929637526652452
Logistic regression (baseline),0.2709757613424487,0.929637526652452
Logistic regression (baseline),0.27052238805970147,0.9275053304904051
Logistic regression (baseline),0.2706907280647169,0.9275053304904051
Logistic regression (baseline),0.27085927770859275,0.9275053304904051
Logistic regression (baseline),0.27102803738317754,0.9275053304904051
Logistic regression (baseline),0.27057356608478805,0.9253731343283582
Logistic regression (baseline),0.27074235807860264,0.9253731343283582
Logistic regression (baseline),0.27091136079900124,0.9253731343283582
Logistic regression (baseline),0.27108057464084945,0.9253731343283582
Logistic regression (baseline),0.27125,0.9253731343283582
Logistic regression (baseline),0.2714196372732958,0.9253731343283582
Logistic regression (baseline),0.2715894868585732,0.9253731343283582
Logistic regression (baseline),0.271759549154665,0.9253731343283582
Logistic regression (baseline),0.2719298245614035,0.9253731343283582
Logistic regression (baseline),0.2721003134796238,0.9253731343283582
Logistic regression (baseline),0.2722710163111669,0.9253731343283582
Logistic regression (baseline),0.2724419334588826,0.9253731343283582
Logistic regression (baseline),0.27261306532663315,0.9253731343283582
Logistic regression (baseline),0.27278441231929607,0.9253731343283582
Logistic regression (baseline),0.2729559748427673,0.9253731343283582
Logistic regression (baseline),0.27312775330396477,0.9253731343283582
Logistic regression (baseline),0.27329974811083124,0.9253731343283582
Logistic regression (baseline),0.2734719596723377,0.9253731343283582
Logistic regression (baseline),0.27364438839848676,0.9253731343283582
Logistic regression (baseline),0.27381703470031543,0.9253731343283582
Logistic regression (baseline),0.273989898989899,0.9253731343283582
Logistic regression (baseline),0.27416298168035375,0.9253731343283582
Logistic regression (baseline),0.27370417193426044,0.9232409381663113
Logistic regression (baseline),0.2738772928526249,0.9232409381663113
Logistic regression (baseline),0.2740506329113924,0.9232409381663113
Logistic regression (baseline),0.274571972098922,0.9232409381663113
Logistic regression (baseline),0.274746192893401,0.9232409381663113
Logistic regression (baseline),0.2749206349206349,0.9232409381663113
Logistic regression (baseline),0.27509529860228715,0.9232409381663113
Logistic regression (baseline),0.27527018436109346,0.9232409381663113
Logistic regression (baseline),0.27544529262086515,0.9232409381663113
Logistic regression (baseline),0.27562062380649266,0.9232409381663113
Logistic regression (baseline),0.27579617834394904,0.9232409381663113
Logistic regression (baseline),0.27533460803059273,0.9211087420042644
Logistic regression (baseline),0.27487244897959184,0.9189765458422174
Logistic regression (baseline),0.2750478621569879,0.9189765458422174
Logistic regression (baseline),0.27539936102236423,0.9189765458422174
Logistic regression (baseline),0.2755754475703325,0.9189765458422174
Logistic regression (baseline),0.27575175943698016,0.9189765458422174
Logistic regression (baseline),0.2759282970550576,0.9189765458422174
Logistic regression (baseline),0.27610506085842407,0.9189765458422174
Logistic regression (baseline),0.2762820512820513,0.9189765458422174
Logistic regression (baseline),0.2763496143958869,0.9168443496801706
Logistic regression (baseline),0.2765273311897106,0.9168443496801706
Logistic regression (baseline),0.2767052767052767,0.9168443496801706
Logistic regression (baseline),0.2768834513844173,0.9168443496801706
Logistic regression (baseline),0.27724049000644746,0.9168443496801706
Logistic regression (baseline),0.27741935483870966,0.9168443496801706
Logistic regression (baseline),0.2775984506132989,0.9168443496801706
Logistic regression (baseline),0.2777777777777778,0.9168443496801706
Logistic regression (baseline),0.2779573367808662,0.9168443496801706
Logistic regression (baseline),0.278137128072445,0.9168443496801706
Logistic regression (baseline),0.2783171521035599,0.9168443496801706
Logistic regression (baseline),0.27849740932642486,0.9168443496801706
Logistic regression (baseline),0.2780298120544394,0.9147121535181236
Logistic regression (baseline),0.2782101167315175,0.9147121535181236
Logistic regression (baseline),0.2783906554185594,0.9147121535181236
Logistic regression (baseline),0.2779220779220779,0.9125799573560768
Logistic regression (baseline),0.27810266406757633,0.9125799573560768
Logistic regression (baseline),0.27828348504551365,0.9125799573560768
Logistic regression (baseline),0.2784645413142485,0.9125799573560768
Logistic regression (baseline),0.2786458333333333,0.9125799573560768
Logistic regression (baseline),0.2788273615635179,0.9125799573560768
Logistic regression (baseline),0.279191128506197,0.9125799573560768
Logistic regression (baseline),0.27872062663185376,0.9104477611940298
Logistic regression (baseline),0.2782495101241019,0.908315565031983
Logistic regression (baseline),0.2784313725490196,0.908315565031983
Logistic regression (baseline),0.2786134728580772,0.908315565031983
Logistic regression (baseline),0.2787958115183246,0.908315565031983
Logistic regression (baseline),0.27897838899803534,0.908315565031983
Logistic regression (baseline),0.27916120576671033,0.908315565031983
Logistic regression (baseline),0.27934426229508197,0.908315565031983
Logistic regression (baseline),0.2795275590551181,0.908315565031983
Logistic regression (baseline),0.27971109652002624,0.908315565031983
Logistic regression (baseline),0.27989487516425754,0.908315565031983
Logistic regression (baseline),0.28007889546351084,0.908315565031983
Logistic regression (baseline),0.27960526315789475,0.906183368869936
Logistic regression (baseline),0.27978933508887427,0.906183368869936
Logistic regression (baseline),0.27997364953886694,0.906183368869936
Logistic regression (baseline),0.2801582069874753,0.906183368869936
Logistic regression (baseline),0.28034300791556727,0.906183368869936
Logistic regression (baseline),0.27986798679867986,0.9040511727078892
Logistic regression (baseline),0.2802379378717779,0.9040511727078892
Logistic regression (baseline),0.2804232804232804,0.9040511727078892
Logistic regression (baseline),0.28002654280026545,0.8997867803837953
Logistic regression (baseline),0.2795484727755644,0.8976545842217484
Logistic regression (baseline),0.27973421926910297,0.8976545842217484
Logistic regression (baseline),0.27992021276595747,0.8976545842217484
Logistic regression (baseline),0.2801064537591484,0.8976545842217484
Logistic regression (baseline),0.2802929427430093,0.8976545842217484
Logistic regression (baseline),0.2804796802131912,0.8976545842217484
Logistic regression (baseline),0.28,0.8955223880597015
Logistic regression (baseline),0.2801867911941294,0.8955223880597015
Logistic regression (baseline),0.2803738317757009,0.8955223880597015
Logistic regression (baseline),0.280561122244489,0.8955223880597015
Logistic regression (baseline),0.2807486631016043,0.8955223880597015
Logistic regression (baseline),0.2809364548494983,0.8955223880597015
Logistic regression (baseline),0.28112449799196787,0.8955223880597015
Logistic regression (baseline),0.2813127930341594,0.8955223880597015
Logistic regression (baseline),0.28150134048257375,0.8955223880597015
Logistic regression (baseline),0.28169014084507044,0.8955223880597015
Logistic regression (baseline),0.28120805369127516,0.8933901918976546
Logistic regression (baseline),0.2813969106783076,0.8933901918976546
Logistic regression (baseline),0.28158602150537637,0.8933901918976546
Logistic regression (baseline),0.28110289172831204,0.8912579957356077
Logistic regression (baseline),0.2812920592193809,0.8912579957356077
Logistic regression (baseline),0.2814814814814815,0.8912579957356077
Logistic regression (baseline),0.2816711590296496,0.8912579957356077
Logistic regression (baseline),0.2818610923803102,0.8912579957356077
Logistic regression (baseline),0.28205128205128205,0.8912579957356077
Logistic regression (baseline),0.2822417285617826,0.8912579957356077
Logistic regression (baseline),0.28243243243243243,0.8912579957356077
Logistic regression (baseline),0.28262339418526033,0.8912579957356077
Logistic regression (baseline),0.2821380243572395,0.8891257995735607
Logistic regression (baseline),0.2823290453622207,0.8891257995735607
Logistic regression (baseline),0.28252032520325204,0.8891257995735607
Logistic regression (baseline),0.28271186440677964,0.8891257995735607
Logistic regression (baseline),0.2829036635006784,0.8891257995735607
Logistic regression (baseline),0.2830957230142566,0.8891257995735607
Logistic regression (baseline),0.28328804347826086,0.8891257995735607
Logistic regression (baseline),0.28348062542488106,0.8891257995735607
Logistic regression (baseline),0.2829931972789116,0.8869936034115139
Logistic regression (baseline),0.2831858407079646,0.8869936034115139
Logistic regression (baseline),0.2826975476839237,0.8848614072494669
Logistic regression (baseline),0.2828902522154056,0.8848614072494669
Logistic regression (baseline),0.2830832196452933,0.8848614072494669
Logistic regression (baseline),0.2825938566552901,0.8827292110874201
Logistic regression (baseline),0.2827868852459016,0.8827292110874201
Logistic regression (baseline),0.28317373461012313,0.8827292110874201
Logistic regression (baseline),0.28336755646817247,0.8827292110874201
Logistic regression (baseline),0.2837559972583962,0.8827292110874201
Logistic regression (baseline),0.2839506172839506,0.8827292110874201
Logistic regression (baseline),0.28414550446122167,0.8827292110874201
Logistic regression (baseline),0.28434065934065933,0.8827292110874201
Logistic regression (baseline),0.2845360824742268,0.8827292110874201
Logistic regression (baseline),0.28492773571920166,0.8827292110874201
Logistic regression (baseline),0.28512396694214875,0.8827292110874201
Logistic regression (baseline),0.28532046864231564,0.8827292110874201
Logistic regression (baseline),0.28551724137931034,0.8827292110874201
Logistic regression (baseline),0.2857142857142857,0.8827292110874201
Logistic regression (baseline),0.28591160220994477,0.8827292110874201
Logistic regression (baseline),0.28541810642709053,0.8805970149253731
Logistic regression (baseline),0.28561549100968187,0.8805970149253731
Logistic regression (baseline),0.28581314878892733,0.8805970149253731
Logistic regression (baseline),0.28601108033240996,0.8805970149253731
Logistic regression (baseline),0.2862092862092862,0.8805970149253731
Logistic regression (baseline),0.28640776699029125,0.8805970149253731
Logistic regression (baseline),0.2866065232477446,0.8805970149253731
Logistic regression (baseline),0.28680555555555554,0.8805970149253731
Logistic regression (baseline),0.28700486448922863,0.8805970149253731
Logistic regression (baseline),0.28720445062586925,0.8805970149253731
Logistic regression (baseline),0.2874043145441893,0.8805970149253731
Logistic regression (baseline),0.2876044568245125,0.8805970149253731
Logistic regression (baseline),0.28780487804878047,0.8805970149253731
Logistic regression (baseline),0.2880055788005579,0.8805970149253731
Logistic regression (baseline),0.2882065596650384,0.8805970149253731
Logistic regression (baseline),0.2884078212290503,0.8805970149253731
Logistic regression (baseline),0.2886093640810622,0.8805970149253731
Logistic regression (baseline),0.28881118881118883,0.8805970149253731
Logistic regression (baseline),0.28901329601119663,0.8805970149253731
Logistic regression (baseline),0.28921568627450983,0.8805970149253731
Logistic regression (baseline),0.28941836019621586,0.8805970149253731
Logistic regression (baseline),0.28962131837307153,0.8805970149253731
Logistic regression (baseline),0.28982456140350876,0.8805970149253731
Logistic regression (baseline),0.29002808988764045,0.8805970149253731
Logistic regression (baseline),0.29043600562587907,0.8805970149253731
Logistic regression (baseline),0.29064039408866993,0.8805970149253731
Logistic regression (baseline),0.2908450704225352,0.8805970149253731
Logistic regression (baseline),0.29105003523608175,0.8805970149253731
Logistic regression (baseline),0.2912552891396333,0.8805970149253731
Logistic regression (baseline),0.29146083274523643,0.8805970149253731
Logistic regression (baseline),0.2916666666666667,0.8805970149253731
Logistic regression (baseline),0.2918727915194346,0.8805970149253731
Logistic regression (baseline),0.29207920792079206,0.8805970149253731
Logistic regression (baseline),0.2922859164897382,0.8805970149253731
Logistic regression (baseline),0.29249291784702547,0.8805970149253731
Logistic regression (baseline),0.29270021261516654,0.8805970149253731
Logistic regression (baseline),0.2929078014184397,0.8805970149253731
Logistic regression (baseline),0.2931156848828957,0.8805970149253731
Logistic regression (baseline),0.29332386363636365,0.8805970149253731
Logistic regression (baseline),0.2935323383084577,0.8805970149253731
Logistic regression (baseline),0.2937411095305832,0.8805970149253731
Logistic regression (baseline),0.2939501779359431,0.8805970149253731
Logistic regression (baseline),0.29415954415954415,0.8805970149253731
Logistic regression (baseline),0.2936564504632929,0.8784648187633263
Logistic regression (baseline),0.29386590584878747,0.8784648187633263
Logistic regression (baseline),0.2940756602426838,0.8784648187633263
Logistic regression (baseline),0.29428571428571426,0.8784648187633263
Logistic regression (baseline),0.2944960686204432,0.8784648187633263
Logistic regression (baseline),0.2947067238912732,0.8784648187633263
Logistic regression (baseline),0.2949176807444524,0.8784648187633263
Logistic regression (baseline),0.29512893982808025,0.8784648187633263
Logistic regression (baseline),0.2953405017921147,0.8784648187633263
Logistic regression (baseline),0.29555236728837875,0.8784648187633263
Logistic regression (baseline),0.29576453697056715,0.8784648187633263
Logistic regression (baseline),0.2959770114942529,0.8784648187633263
Logistic regression (baseline),0.29618979151689434,0.8784648187633263
Logistic regression (baseline),0.29640287769784174,0.8784648187633263
Logistic regression (baseline),0.2966162706983441,0.8784648187633263
Logistic regression (baseline),0.2968299711815562,0.8784648187633263
Logistic regression (baseline),0.29704397981254504,0.8784648187633263
Logistic regression (baseline),0.2972582972582973,0.8784648187633263
Logistic regression (baseline),0.29747292418772564,0.8784648187633263
Logistic regression (baseline),0.2976878612716763,0.8784648187633263
Logistic regression (baseline),0.29790310918293567,0.8784648187633263
Logistic regression (baseline),0.2981186685962373,0.8784648187633263
Logistic regression (baseline),0.2976104272266474,0.8763326226012793
Logistic regression (baseline),0.29782608695652174,0.8763326226012793
Logistic regression (baseline),0.29804205946337925,0.8763326226012793
Logistic regression (baseline),0.29825834542815677,0.8763326226012793
Logistic regression (baseline),0.2984749455337691,0.8763326226012793
Logistic regression (baseline),0.29869186046511625,0.8763326226012793
Logistic regression (baseline),0.2989090909090909,0.8763326226012793
Logistic regression (baseline),0.29912663755458513,0.8763326226012793
Logistic regression (baseline),0.29934450109249816,0.8763326226012793
Logistic regression (baseline),0.29956268221574345,0.8763326226012793
Logistic regression (baseline),0.29978118161925604,0.8763326226012793
Logistic regression (baseline),0.3,0.8763326226012793
Logistic regression (baseline),0.3002191380569759,0.8763326226012793
Logistic regression (baseline),0.30043859649122806,0.8763326226012793
Logistic regression (baseline),0.3006583760058522,0.8763326226012793
Logistic regression (baseline),0.3008784773060029,0.8763326226012793
Logistic regression (baseline),0.3010989010989011,0.8763326226012793
Logistic regression (baseline),0.30131964809384165,0.8763326226012793
Logistic regression (baseline),0.3008070432868672,0.8742004264392325
Logistic regression (baseline),0.3010279001468429,0.8742004264392325
Logistic regression (baseline),0.3005143277002204,0.8720682302771855
Logistic regression (baseline),0.30022075055187636,0.8699360341151386
Logistic regression (baseline),0.3004418262150221,0.8699360341151386
Logistic regression (baseline),0.3006632277081798,0.8699360341151386
Logistic regression (baseline),0.3008849557522124,0.8699360341151386
Logistic regression (baseline),0.3011070110701107,0.8699360341151386
Logistic regression (baseline),0.30132939438700146,0.8699360341151386
Logistic regression (baseline),0.30155210643015523,0.8699360341151386
Logistic regression (baseline),0.30177514792899407,0.8699360341151386
Logistic regression (baseline),0.30199851961509994,0.8699360341151386
Logistic regression (baseline),0.3022222222222222,0.8699360341151386
Logistic regression (baseline),0.30244625648628615,0.8699360341151386
Logistic regression (baseline),0.3026706231454006,0.8699360341151386
Logistic regression (baseline),0.3028953229398664,0.8699360341151386
Logistic regression (baseline),0.3031203566121842,0.8699360341151386
Logistic regression (baseline),0.3026022304832714,0.8678038379530917
Logistic regression (baseline),0.3020833333333333,0.8656716417910447
Logistic regression (baseline),0.30230826507818315,0.8656716417910447
Logistic regression (baseline),0.3025335320417288,0.8656716417910447
Logistic regression (baseline),0.30275913497390006,0.8656716417910447
Logistic regression (baseline),0.30223880597014924,0.8635394456289979
Logistic regression (baseline),0.30246452576549665,0.8635394456289979
Logistic regression (baseline),0.30269058295964124,0.8635394456289979
Logistic regression (baseline),0.3021690351533283,0.8614072494669509
Logistic regression (baseline),0.3023952095808383,0.8614072494669509
Logistic regression (baseline),0.30262172284644195,0.8614072494669509
Logistic regression (baseline),0.3028485757121439,0.8614072494669509
Logistic regression (baseline),0.30307576894223553,0.8614072494669509
Logistic regression (baseline),0.3033033033033033,0.8614072494669509
Logistic regression (baseline),0.3035311795642374,0.8614072494669509
Logistic regression (baseline),0.3037593984962406,0.8614072494669509
Logistic regression (baseline),0.3039879608728367,0.8614072494669509
Logistic regression (baseline),0.3042168674698795,0.8614072494669509
Logistic regression (baseline),0.3044461190655614,0.8614072494669509
Logistic regression (baseline),0.3046757164404223,0.8614072494669509
Logistic regression (baseline),0.3041509433962264,0.8592750533049041
Logistic regression (baseline),0.30438066465256797,0.8592750533049041
Logistic regression (baseline),0.30461073318216175,0.8592750533049041
Logistic regression (baseline),0.3048411497730711,0.8592750533049041
Logistic regression (baseline),0.30507191521574567,0.8592750533049041
Logistic regression (baseline),0.3053030303030303,0.8592750533049041
Logistic regression (baseline),0.3055344958301744,0.8592750533049041
Logistic regression (baseline),0.30576631259484066,0.8592750533049041
Logistic regression (baseline),0.3052391799544419,0.8571428571428571
Logistic regression (baseline),0.30547112462006076,0.8571428571428571
Logistic regression (baseline),0.3057034220532319,0.8571428571428571
Logistic regression (baseline),0.3059360730593607,0.8571428571428571
Logistic regression (baseline),0.3054074638233054,0.8550106609808102
Logistic regression (baseline),0.30564024390243905,0.8550106609808102
Logistic regression (baseline),0.30587337909992374,0.8550106609808102
Logistic regression (baseline),0.3061068702290076,0.8550106609808102
Logistic regression (baseline),0.306340718105424,0.8550106609808102
Logistic regression (baseline),0.3065749235474006,0.8550106609808102
Logistic regression (baseline),0.3068094873756695,0.8550106609808102
Logistic regression (baseline),0.30704441041347624,0.8550106609808102
Logistic regression (baseline),0.30727969348659,0.8550106609808102
Logistic regression (baseline),0.30775134305448965,0.8550106609808102
Logistic regression (baseline),0.30721966205837176,0.8528784648187633
Logistic regression (baseline),0.3074558032282859,0.8528784648187633
Logistic regression (baseline),0.3076923076923077,0.8528784648187633
Logistic regression (baseline),0.30792917628945343,0.8528784648187633
Logistic regression (baseline),0.3081664098613251,0.8528784648187633
Logistic regression (baseline),0.30864197530864196,0.8528784648187633
Logistic regression (baseline),0.3088803088803089,0.8528784648187633
Logistic regression (baseline),0.3091190108191654,0.8528784648187633
Logistic regression (baseline),0.30983733539891556,0.8528784648187633
Logistic regression (baseline),0.31007751937984496,0.8528784648187633
Logistic regression (baseline),0.3095422808378588,0.8507462686567164
Logistic regression (baseline),0.30978260869565216,0.8507462686567164
Logistic regression (baseline),0.31002331002331,0.8507462686567164
Logistic regression (baseline),0.31026438569206843,0.8507462686567164
Logistic regression (baseline),0.3105058365758755,0.8507462686567164
Logistic regression (baseline),0.3107476635514019,0.8507462686567164
Logistic regression (baseline),0.31098986749805146,0.8507462686567164
Logistic regression (baseline),0.3112324492979719,0.8507462686567164
Logistic regression (baseline),0.3114754098360656,0.8507462686567164
Logistic regression (baseline),0.31171875,0.8507462686567164
Logistic regression (baseline),0.31196247068021893,0.8507462686567164
Logistic regression (baseline),0.31220657276995306,0.8507462686567164
Logistic regression (baseline),0.312451057165231,0.8507462686567164
Logistic regression (baseline),0.3126959247648903,0.8507462686567164
Logistic regression (baseline),0.3129411764705882,0.8507462686567164
Logistic regression (baseline),0.3131868131868132,0.8507462686567164
Logistic regression (baseline),0.31343283582089554,0.8507462686567164
Logistic regression (baseline),0.3136792452830189,0.8507462686567164
Logistic regression (baseline),0.3139260424862313,0.8507462686567164
Logistic regression (baseline),0.31417322834645667,0.8507462686567164
Logistic regression (baseline),0.3144208037825059,0.8507462686567164
Logistic regression (baseline),0.3149171270718232,0.8507462686567164
Logistic regression (baseline),0.31516587677725116,0.8507462686567164
Logistic regression (baseline),0.31541501976284586,0.8507462686567164
Logistic regression (baseline),0.31566455696202533,0.8507462686567164
Logistic regression (baseline),0.3159144893111639,0.8507462686567164
Logistic regression (baseline),0.3164155432196669,0.8507462686567164
Logistic regression (baseline),0.31666666666666665,0.8507462686567164
Logistic regression (baseline),0.3169181890389198,0.8507462686567164
Logistic regression (baseline),0.3163751987281399,0.8486140724946695
Logistic regression (baseline),0.3166268894192522,0.8486140724946695
Logistic regression (baseline),0.31687898089171973,0.8486140724946695
Logistic regression (baseline),0.31713147410358566,0.8486140724946695
Logistic regression (baseline),0.31658692185007975,0.8464818763326226
Logistic regression (baseline),0.31683958499600956,0.8464818763326226
Logistic regression (baseline),0.31629392971246006,0.8443496801705757
Logistic regression (baseline),0.31654676258992803,0.8443496801705757
Logistic regression (baseline),0.31705364291433147,0.8443496801705757
Logistic regression (baseline),0.3173076923076923,0.8443496801705757
Logistic regression (baseline),0.31676022453889335,0.8422174840085288
Logistic regression (baseline),0.31701444622792935,0.8422174840085288
Logistic regression (baseline),0.3172690763052209,0.8422174840085288
Logistic regression (baseline),0.3167202572347267,0.8400852878464818
Logistic regression (baseline),0.3169750603378922,0.8400852878464818
Logistic regression (baseline),0.3164251207729469,0.837953091684435
Logistic regression (baseline),0.3166800966962127,0.837953091684435
Logistic regression (baseline),0.3161290322580645,0.835820895522388
Logistic regression (baseline),0.31689571544058204,0.835820895522388
Logistic regression (baseline),0.31715210355987056,0.835820895522388
Logistic regression (baseline),0.3174089068825911,0.835820895522388
Logistic regression (baseline),0.31766612641815234,0.835820895522388
Logistic regression (baseline),0.31792376317923765,0.835820895522388
Logistic regression (baseline),0.3181818181818182,0.835820895522388
Logistic regression (baseline),0.31844029244516653,0.835820895522388
Logistic regression (baseline),0.31869918699186994,0.835820895522388
Logistic regression (baseline),0.3189585028478438,0.835820895522388
Logistic regression (baseline),0.31921824104234525,0.835820895522388
Logistic regression (baseline),0.3189233278955954,0.8336886993603412
Logistic regression (baseline),0.31918367346938775,0.8336886993603412
Logistic regression (baseline),0.3194444444444444,0.8336886993603412
Logistic regression (baseline),0.3197056418642682,0.8336886993603412
Logistic regression (baseline),0.3199672667757774,0.8336886993603412
Logistic regression (baseline),0.3194103194103194,0.8315565031982942
Logistic regression (baseline),0.3199343724364233,0.8315565031982942
Logistic regression (baseline),0.32019704433497537,0.8315565031982942
Logistic regression (baseline),0.32046014790468363,0.8315565031982942
Logistic regression (baseline),0.3207236842105263,0.8315565031982942
Logistic regression (baseline),0.32098765432098764,0.8315565031982942
Logistic regression (baseline),0.3212520593080725,0.8315565031982942
Logistic regression (baseline),0.3215169002473207,0.8315565031982942
Logistic regression (baseline),0.3217821782178218,0.8315565031982942
Logistic regression (baseline),0.3220478943022296,0.8315565031982942
Logistic regression (baseline),0.32231404958677684,0.8315565031982942
Logistic regression (baseline),0.3225806451612903,0.8315565031982942
Logistic regression (baseline),0.3228476821192053,0.8315565031982942
Logistic regression (baseline),0.3231151615575808,0.8315565031982942
Logistic regression (baseline),0.3225538971807628,0.8294243070362474
Logistic regression (baseline),0.3228215767634855,0.8294243070362474
Logistic regression (baseline),0.3230897009966777,0.8294243070362474
Logistic regression (baseline),0.32252701579384874,0.8272921108742004
Logistic regression (baseline),0.3227953410981697,0.8272921108742004
Logistic regression (baseline),0.3225,0.8251599147121536
Logistic regression (baseline),0.32276897414512096,0.8251599147121536
Logistic regression (baseline),0.32303839732888145,0.8251599147121536
Logistic regression (baseline),0.3233082706766917,0.8251599147121536
Logistic regression (baseline),0.32357859531772576,0.8251599147121536
Logistic regression (baseline),0.3238493723849372,0.8251599147121536
Logistic regression (baseline),0.3241206030150754,0.8251599147121536
Logistic regression (baseline),0.32439228834870076,0.8251599147121536
Logistic regression (baseline),0.32466442953020136,0.8251599147121536
Logistic regression (baseline),0.3249370277078086,0.8251599147121536
Logistic regression (baseline),0.32521008403361346,0.8251599147121536
Logistic regression (baseline),0.32548359966358287,0.8251599147121536
Logistic regression (baseline),0.32491582491582494,0.8230277185501066
Logistic regression (baseline),0.3251895534962089,0.8230277185501066
Logistic regression (baseline),0.3254637436762226,0.8230277185501066
Logistic regression (baseline),0.32573839662447257,0.8230277185501066
Logistic regression (baseline),0.3260135135135135,0.8230277185501066
Logistic regression (baseline),0.32628909551986474,0.8230277185501066
Logistic regression (baseline),0.32656514382402707,0.8230277185501066
Logistic regression (baseline),0.3268416596104996,0.8230277185501066
Logistic regression (baseline),0.3271186440677966,0.8230277185501066
Logistic regression (baseline),0.3273960983884648,0.8230277185501066
Logistic regression (baseline),0.32795242141036535,0.8230277185501066
Logistic regression (baseline),0.3273809523809524,0.8208955223880597
Logistic regression (baseline),0.3276595744680851,0.8208955223880597
Logistic regression (baseline),0.3270868824531516,0.8187633262260128
Logistic regression (baseline),0.3273657289002558,0.8187633262260128
Logistic regression (baseline),0.32764505119453924,0.8187633262260128
Logistic regression (baseline),0.32792485055508114,0.8187633262260128
Logistic regression (baseline),0.3282051282051282,0.8187633262260128
Logistic regression (baseline),0.32848588537211293,0.8187633262260128
Logistic regression (baseline),0.3287671232876712,0.8187633262260128
Logistic regression (baseline),0.32904884318766064,0.8187633262260128
Logistic regression (baseline),0.3293310463121784,0.8187633262260128
Logistic regression (baseline),0.3296137339055794,0.8187633262260128
Logistic regression (baseline),0.32989690721649484,0.8187633262260128
Logistic regression (baseline),0.3301805674978504,0.8187633262260128
Logistic regression (baseline),0.3304647160068847,0.8187633262260128
Logistic regression (baseline),0.330749354005168,0.8187633262260128
Logistic regression (baseline),0.3310344827586207,0.8187633262260128
Logistic regression (baseline),0.33132010353753233,0.8187633262260128
Logistic regression (baseline),0.3316062176165803,0.8187633262260128
Logistic regression (baseline),0.33189282627484873,0.8187633262260128
Logistic regression (baseline),0.33217993079584773,0.8187633262260128
Logistic regression (baseline),0.33246753246753247,0.8187633262260128
Logistic regression (baseline),0.3327556325823224,0.8187633262260128
Logistic regression (baseline),0.33304423243712056,0.8187633262260128
Logistic regression (baseline),0.3333333333333333,0.8187633262260128
Logistic regression (baseline),0.3336229365768897,0.8187633262260128
Logistic regression (baseline),0.3339130434782609,0.8187633262260128
Logistic regression (baseline),0.3342036553524804,0.8187633262260128
Logistic regression (baseline),0.3344947735191638,0.8187633262260128
Logistic regression (baseline),0.33478639930252835,0.8187633262260128
Logistic regression (baseline),0.33507853403141363,0.8187633262260128
Logistic regression (baseline),0.3353711790393013,0.8187633262260128
Logistic regression (baseline),0.3356643356643357,0.8187633262260128
Logistic regression (baseline),0.3359580052493438,0.8187633262260128
Logistic regression (baseline),0.3362521891418564,0.8187633262260128
Logistic regression (baseline),0.33654688869412797,0.8187633262260128
Logistic regression (baseline),0.3368421052631579,0.8187633262260128
Logistic regression (baseline),0.33713784021071114,0.8187633262260128
Logistic regression (baseline),0.3374340949033392,0.8187633262260128
Logistic regression (baseline),0.33773087071240104,0.8187633262260128
Logistic regression (baseline),0.3371478873239437,0.8166311300639659
Logistic regression (baseline),0.3365638766519824,0.814498933901919
Logistic regression (baseline),0.3368606701940035,0.814498933901919
Logistic regression (baseline),0.33715798764342453,0.814498933901919
Logistic regression (baseline),0.3365724381625442,0.8123667377398721
Logistic regression (baseline),0.3359858532272325,0.8102345415778252
Logistic regression (baseline),0.336283185840708,0.8102345415778252
Logistic regression (baseline),0.3365810451727192,0.8102345415778252
Logistic regression (baseline),0.33599290780141844,0.8081023454157783
Logistic regression (baseline),0.3362910381543922,0.8081023454157783
Logistic regression (baseline),0.33570159857904086,0.8059701492537313
Logistic regression (baseline),0.336,0.8059701492537313
Logistic regression (baseline),0.33629893238434166,0.8059701492537313
Logistic regression (baseline),0.3365983971504898,0.8059701492537313
Logistic regression (baseline),0.33689839572192515,0.8059701492537313
Logistic regression (baseline),0.33719892952720787,0.8059701492537313
Logistic regression (baseline),0.3375,0.8059701492537313
Logistic regression (baseline),0.33690795352993747,0.8038379530916845
Logistic regression (baseline),0.3372093023255814,0.8038379530916845
Logistic regression (baseline),0.3366159355416294,0.8017057569296375
Logistic regression (baseline),0.33602150537634407,0.7995735607675906
Logistic regression (baseline),0.336322869955157,0.7995735607675906
Logistic regression (baseline),0.33662477558348297,0.7995735607675906
Logistic regression (baseline),0.33692722371967654,0.7995735607675906
Logistic regression (baseline),0.33723021582733814,0.7995735607675906
Logistic regression (baseline),0.33663366336633666,0.7974413646055437
Logistic regression (baseline),0.33603603603603605,0.7953091684434968
Logistic regression (baseline),0.3363390441839495,0.7953091684434968
Logistic regression (baseline),0.33664259927797835,0.7953091684434968
Logistic regression (baseline),0.3369467028003613,0.7953091684434968
Logistic regression (baseline),0.337251356238698,0.7953091684434968
Logistic regression (baseline),0.3375565610859729,0.7953091684434968
Logistic regression (baseline),0.33695652173913043,0.7931769722814499
Logistic regression (baseline),0.3372620126926564,0.7931769722814499
Logistic regression (baseline),0.3366606170598911,0.7910447761194029
Logistic regression (baseline),0.3369663941871026,0.7910447761194029
Logistic regression (baseline),0.3372727272727273,0.7910447761194029
Logistic regression (baseline),0.3375796178343949,0.7910447761194029
Logistic regression (baseline),0.33788706739526414,0.7910447761194029
Logistic regression (baseline),0.33728350045578853,0.7889125799573561
Logistic regression (baseline),0.3391384051329056,0.7889125799573561
Logistic regression (baseline),0.3397612488521579,0.7889125799573561
Logistic regression (baseline),0.3400735294117647,0.7889125799573561
Logistic regression (baseline),0.3403863845446182,0.7889125799573561
Logistic regression (baseline),0.3406998158379374,0.7889125799573561
Logistic regression (baseline),0.34101382488479265,0.7889125799573561
Logistic regression (baseline),0.34164358264081257,0.7889125799573561
Logistic regression (baseline),0.3410351201478743,0.7867803837953091
Logistic regression (baseline),0.34135060129509714,0.7867803837953091
Logistic regression (baseline),0.3416666666666667,0.7867803837953091
Logistic regression (baseline),0.34198331788693237,0.7867803837953091
Logistic regression (baseline),0.3423005565862709,0.7867803837953091
Logistic regression (baseline),0.3426183844011142,0.7867803837953091
Logistic regression (baseline),0.3429368029739777,0.7867803837953091
Logistic regression (baseline),0.34325581395348836,0.7867803837953091
Logistic regression (baseline),0.3435754189944134,0.7867803837953091
Logistic regression (baseline),0.34389561975768873,0.7867803837953091
Logistic regression (baseline),0.34328358208955223,0.7846481876332623
Logistic regression (baseline),0.34360410830999066,0.7846481876332623
Logistic regression (baseline),0.34392523364485983,0.7846481876332623
Logistic regression (baseline),0.34424695977549113,0.7846481876332623
Logistic regression (baseline),0.3445692883895131,0.7846481876332623
Logistic regression (baseline),0.344892221180881,0.7846481876332623
Logistic regression (baseline),0.3452157598499062,0.7846481876332623
Logistic regression (baseline),0.3455399061032864,0.7846481876332623
Logistic regression (baseline),0.3458646616541353,0.7846481876332623
Logistic regression (baseline),0.34619002822201317,0.7846481876332623
Logistic regression (baseline),0.3465160075329567,0.7846481876332623
Logistic regression (baseline),0.3468426013195099,0.7846481876332623
Logistic regression (baseline),0.3471698113207547,0.7846481876332623
Logistic regression (baseline),0.3465533522190746,0.7825159914712153
Logistic regression (baseline),0.34688090737240074,0.7825159914712153
Logistic regression (baseline),0.34626300851466413,0.7803837953091685
Logistic regression (baseline),0.3465909090909091,0.7803837953091685
Logistic regression (baseline),0.3469194312796208,0.7803837953091685
Logistic regression (baseline),0.34724857685009486,0.7803837953091685
Logistic regression (baseline),0.3475783475783476,0.7803837953091685
Logistic regression (baseline),0.34695817490494296,0.7782515991471215
Logistic regression (baseline),0.3472882968601332,0.7782515991471215
Logistic regression (baseline),0.3479504289799809,0.7782515991471215
Logistic regression (baseline),0.3482824427480916,0.7782515991471215
Logistic regression (baseline),0.34861509073543456,0.7782515991471215
Logistic regression (baseline),0.3489483747609943,0.7782515991471215
Logistic regression (baseline),0.3492822966507177,0.7782515991471215
Logistic regression (baseline),0.3496168582375479,0.7782515991471215
Logistic regression (baseline),0.34995206136145734,0.7782515991471215
Logistic regression (baseline),0.3502879078694818,0.7782515991471215
Logistic regression (baseline),0.3506243996157541,0.7782515991471215
Logistic regression (baseline),0.35096153846153844,0.7782515991471215
Logistic regression (baseline),0.3503368623676612,0.7761194029850746
Logistic regression (baseline),0.35067437379576105,0.7761194029850746
Logistic regression (baseline),0.3500482160077146,0.7739872068230277
Logistic regression (baseline),0.34942084942084944,0.7718550106609808
Logistic regression (baseline),0.3497584541062802,0.7718550106609808
Logistic regression (baseline),0.35009671179883944,0.7718550106609808
Logistic regression (baseline),0.3494675701839303,0.7697228144989339
Logistic regression (baseline),0.3498062015503876,0.7697228144989339
Logistic regression (baseline),0.3504854368932039,0.7697228144989339
Logistic regression (baseline),0.35082604470359574,0.7697228144989339
Logistic regression (baseline),0.35116731517509725,0.7697228144989339
Logistic regression (baseline),0.35150925024342744,0.7697228144989339
Logistic regression (baseline),0.3508771929824561,0.767590618336887
Logistic regression (baseline),0.35024390243902437,0.7654584221748401
Logistic regression (baseline),0.3505859375,0.7654584221748401
Logistic regression (baseline),0.34995112414467255,0.7633262260127932
Logistic regression (baseline),0.350293542074364,0.7633262260127932
Logistic regression (baseline),0.35063663075416257,0.7633262260127932
Logistic regression (baseline),0.3509803921568627,0.7633262260127932
Logistic regression (baseline),0.35132482826300293,0.7633262260127932
Logistic regression (baseline),0.3506876227897839,0.7611940298507462
Logistic regression (baseline),0.35103244837758113,0.7611940298507462
Logistic regression (baseline),0.35039370078740156,0.7590618336886994
Logistic regression (baseline),0.3497536945812808,0.7569296375266524
Logistic regression (baseline),0.34911242603550297,0.7547974413646056
Logistic regression (baseline),0.34945705824284307,0.7547974413646056
Logistic regression (baseline),0.34881422924901184,0.7526652452025586
Logistic regression (baseline),0.34915924826904055,0.7526652452025586
Logistic regression (baseline),0.3495049504950495,0.7526652452025586
Logistic regression (baseline),0.35054617676266137,0.7526652452025586
Logistic regression (baseline),0.3499005964214712,0.7505330490405118
Logistic regression (baseline),0.3502487562189055,0.7505330490405118
Logistic regression (baseline),0.34960159362549803,0.7484008528784648
Logistic regression (baseline),0.3489531405782652,0.746268656716418
Logistic regression (baseline),0.34930139720558884,0.746268656716418
Logistic regression (baseline),0.34865134865134867,0.744136460554371
Logistic regression (baseline),0.349,0.744136460554371
Logistic regression (baseline),0.34934934934934936,0.744136460554371
Logistic regression (baseline),0.3486973947895792,0.7420042643923241
Logistic regression (baseline),0.34904714142427284,0.7420042643923241
Logistic regression (baseline),0.3493975903614458,0.7420042643923241
Logistic regression (baseline),0.349748743718593,0.7420042643923241
Logistic regression (baseline),0.3501006036217304,0.7420042643923241
Logistic regression (baseline),0.3504531722054381,0.7420042643923241
Logistic regression (baseline),0.3497983870967742,0.7398720682302772
Logistic regression (baseline),0.3491422805247225,0.7377398720682303
Logistic regression (baseline),0.34949494949494947,0.7377398720682303
Logistic regression (baseline),0.34984833164812945,0.7377398720682303
Logistic regression (baseline),0.35020242914979755,0.7377398720682303
Logistic regression (baseline),0.3505572441742654,0.7377398720682303
Logistic regression (baseline),0.3509127789046653,0.7377398720682303
Logistic regression (baseline),0.35126903553299493,0.7377398720682303
Logistic regression (baseline),0.3516260162601626,0.7377398720682303
Logistic regression (baseline),0.35096642929806715,0.7356076759061834
Logistic regression (baseline),0.3513238289205703,0.7356076759061834
Logistic regression (baseline),0.3516819571865443,0.7356076759061834
Logistic regression (baseline),0.3520408163265306,0.7356076759061834
Logistic regression (baseline),0.35240040858018384,0.7356076759061834
Logistic regression (baseline),0.35276073619631904,0.7356076759061834
Logistic regression (baseline),0.353121801432958,0.7356076759061834
Logistic regression (baseline),0.35348360655737704,0.7356076759061834
Logistic regression (baseline),0.3528205128205128,0.7334754797441365
Logistic regression (baseline),0.3531827515400411,0.7334754797441365
Logistic regression (baseline),0.35354573484069884,0.7334754797441365
Logistic regression (baseline),0.354639175257732,0.7334754797441365
Logistic regression (baseline),0.3539731682146543,0.7313432835820896
Logistic regression (baseline),0.3543388429752066,0.7313432835820896
Logistic regression (baseline),0.35470527404343327,0.7313432835820896
Logistic regression (baseline),0.35507246376811596,0.7313432835820896
Logistic regression (baseline),0.35544041450777203,0.7313432835820896
Logistic regression (baseline),0.3558091286307054,0.7313432835820896
Logistic regression (baseline),0.3561786085150571,0.7313432835820896
Logistic regression (baseline),0.35654885654885654,0.7313432835820896
Logistic regression (baseline),0.3558792924037461,0.7292110874200426
Logistic regression (baseline),0.35520833333333335,0.7270788912579957
Logistic regression (baseline),0.3559498956158664,0.7270788912579957
Logistic regression (baseline),0.3563218390804598,0.7270788912579957
Logistic regression (baseline),0.35564853556485354,0.7249466950959488
Logistic regression (baseline),0.35602094240837695,0.7249466950959488
Logistic regression (baseline),0.35639412997903563,0.7249466950959488
Logistic regression (baseline),0.3567681007345226,0.7249466950959488
Logistic regression (baseline),0.3560924369747899,0.7228144989339019
Logistic regression (baseline),0.35646687697160884,0.7228144989339019
Logistic regression (baseline),0.35578947368421054,0.720682302771855
Logistic regression (baseline),0.3561643835616438,0.720682302771855
Logistic regression (baseline),0.35654008438818563,0.720682302771855
Logistic regression (baseline),0.35691657866948256,0.720682302771855
Logistic regression (baseline),0.3572938689217759,0.720682302771855
Logistic regression (baseline),0.3576719576719577,0.720682302771855
Logistic regression (baseline),0.3580508474576271,0.720682302771855
Logistic regression (baseline),0.3584305408271474,0.720682302771855
Logistic regression (baseline),0.35774946921443734,0.7185501066098081
Logistic regression (baseline),0.35812964930924546,0.7185501066098081
Logistic regression (baseline),0.35851063829787233,0.7185501066098081
Logistic regression (baseline),0.35782747603833864,0.7164179104477612
Logistic regression (baseline),0.3582089552238806,0.7164179104477612
Logistic regression (baseline),0.35859124866595515,0.7164179104477612
Logistic regression (baseline),0.358974358974359,0.7164179104477612
Logistic regression (baseline),0.3593582887700535,0.7164179104477612
Logistic regression (baseline),0.35974304068522484,0.7164179104477612
Logistic regression (baseline),0.36012861736334406,0.7164179104477612
Logistic regression (baseline),0.3594420600858369,0.7142857142857143
Logistic regression (baseline),0.359828141783029,0.7142857142857143
Logistic regression (baseline),0.35844994617868675,0.7100213219616205
Logistic regression (baseline),0.3588362068965517,0.7100213219616205
Logistic regression (baseline),0.3581445523193096,0.7078891257995735
Logistic regression (baseline),0.35853131749460043,0.7078891257995735
Logistic regression (baseline),0.3589189189189189,0.7078891257995735
Logistic regression (baseline),0.3593073593073593,0.7078891257995735
Logistic regression (baseline),0.35969664138678226,0.7078891257995735
Logistic regression (baseline),0.3600867678958785,0.7078891257995735
Logistic regression (baseline),0.36047774158523344,0.7078891257995735
Logistic regression (baseline),0.36086956521739133,0.7078891257995735
Logistic regression (baseline),0.36126224156692055,0.7078891257995735
Logistic regression (baseline),0.3616557734204793,0.7078891257995735
Logistic regression (baseline),0.36205016357688113,0.7078891257995735
Logistic regression (baseline),0.3624454148471616,0.7078891257995735
Logistic regression (baseline),0.3617486338797814,0.7057569296375267
Logistic regression (baseline),0.36214442013129106,0.7057569296375267
Logistic regression (baseline),0.3614457831325301,0.7036247334754797
Logistic regression (baseline),0.3607456140350877,0.7014925373134329
Logistic regression (baseline),0.3611416026344676,0.7014925373134329
Logistic regression (baseline),0.36153846153846153,0.7014925373134329
Logistic regression (baseline),0.3619361936193619,0.7014925373134329
Logistic regression (baseline),0.3623348017621145,0.7014925373134329
Logistic regression (baseline),0.3627342888643881,0.7014925373134329
Logistic regression (baseline),0.3620309050772627,0.6993603411513859
Logistic regression (baseline),0.36132596685082874,0.697228144989339
Logistic regression (baseline),0.3606194690265487,0.6950959488272921
Logistic regression (baseline),0.3610188261351052,0.6950959488272921
Logistic regression (baseline),0.3614190687361419,0.6950959488272921
Logistic regression (baseline),0.3607103218645949,0.6929637526652452
Logistic regression (baseline),0.3611111111111111,0.6929637526652452
Logistic regression (baseline),0.3604004449388209,0.6908315565031983
Logistic regression (baseline),0.36080178173719374,0.6908315565031983
Logistic regression (baseline),0.3600891861761427,0.6886993603411514
Logistic regression (baseline),0.36049107142857145,0.6886993603411514
Logistic regression (baseline),0.36089385474860336,0.6886993603411514
Logistic regression (baseline),0.36129753914988816,0.6886993603411514
Logistic regression (baseline),0.3617021276595745,0.6886993603411514
Logistic regression (baseline),0.36210762331838564,0.6886993603411514
Logistic regression (baseline),0.36251402918069586,0.6886993603411514
Logistic regression (baseline),0.36179775280898874,0.6865671641791045
Logistic regression (baseline),0.36036036036036034,0.6823027718550106
Logistic regression (baseline),0.36076662908680945,0.6823027718550106
Logistic regression (baseline),0.3611738148984199,0.6823027718550106
Logistic regression (baseline),0.3615819209039548,0.6823027718550106
Logistic regression (baseline),0.36199095022624433,0.6823027718550106
Logistic regression (baseline),0.362400906002265,0.6823027718550106
Logistic regression (baseline),0.36281179138321995,0.6823027718550106
Logistic regression (baseline),0.36322360953461974,0.6823027718550106
Logistic regression (baseline),0.36363636363636365,0.6823027718550106
Logistic regression (baseline),0.3640500568828214,0.6823027718550106
Logistic regression (baseline),0.36446469248291574,0.6823027718550106
Logistic regression (baseline),0.36488027366020526,0.6823027718550106
Logistic regression (baseline),0.365296803652968,0.6823027718550106
Logistic regression (baseline),0.3657142857142857,0.6823027718550106
Logistic regression (baseline),0.36498855835240274,0.6801705756929638
Logistic regression (baseline),0.3642611683848797,0.6780383795309168
Logistic regression (baseline),0.3646788990825688,0.6780383795309168
Logistic regression (baseline),0.365097588978186,0.6780383795309168
Logistic regression (baseline),0.36551724137931035,0.6780383795309168
Logistic regression (baseline),0.3659378596087457,0.6780383795309168
Logistic regression (baseline),0.3663594470046083,0.6780383795309168
Logistic regression (baseline),0.36678200692041524,0.6780383795309168
Logistic regression (baseline),0.3672055427251732,0.6780383795309168
Logistic regression (baseline),0.3676300578034682,0.6780383795309168
Logistic regression (baseline),0.3680555555555556,0.6780383795309168
Logistic regression (baseline),0.36732329084588644,0.67590618336887
Logistic regression (baseline),0.3677494199535963,0.67590618336887
Logistic regression (baseline),0.3681765389082462,0.67590618336887
Logistic regression (baseline),0.3674418604651163,0.673773987206823
Logistic regression (baseline),0.36670547147846333,0.6716417910447762
Logistic regression (baseline),0.36713286713286714,0.6716417910447762
Logistic regression (baseline),0.367561260210035,0.6716417910447762
Logistic regression (baseline),0.3679906542056075,0.6716417910447762
Logistic regression (baseline),0.3684210526315789,0.6716417910447762
Logistic regression (baseline),0.36885245901639346,0.6716417910447762
Logistic regression (baseline),0.369284876905041,0.6716417910447762
Logistic regression (baseline),0.36971830985915494,0.6716417910447762
Logistic regression (baseline),0.3701527614571093,0.6716417910447762
Logistic regression (baseline),0.37058823529411766,0.6716417910447762
Logistic regression (baseline),0.36984687868080096,0.6695095948827292
Logistic regression (baseline),0.3707201889020071,0.6695095948827292
Logistic regression (baseline),0.37115839243498816,0.6695095948827292
Logistic regression (baseline),0.37041420118343193,0.6673773987206824
Logistic regression (baseline),0.3708530805687204,0.6673773987206824
Logistic regression (baseline),0.37173396674584325,0.6673773987206824
Logistic regression (baseline),0.37098692033293695,0.6652452025586354
Logistic regression (baseline),0.37142857142857144,0.6652452025586354
Logistic regression (baseline),0.37187127532777114,0.6652452025586354
Logistic regression (baseline),0.3723150357995227,0.6652452025586354
Logistic regression (baseline),0.3727598566308244,0.6652452025586354
Logistic regression (baseline),0.37320574162679426,0.6652452025586354
Logistic regression (baseline),0.37365269461077844,0.6652452025586354
Logistic regression (baseline),0.37410071942446044,0.6652452025586354
Logistic regression (baseline),0.3745498199279712,0.6652452025586354
Logistic regression (baseline),0.3737980769230769,0.6631130063965884
Logistic regression (baseline),0.3742478941034898,0.6631130063965884
Logistic regression (baseline),0.3746987951807229,0.6631130063965884
Logistic regression (baseline),0.3751507840772014,0.6631130063965884
Logistic regression (baseline),0.3756038647342995,0.6631130063965884
Logistic regression (baseline),0.37605804111245467,0.6631130063965884
Logistic regression (baseline),0.3765133171912833,0.6631130063965884
Logistic regression (baseline),0.37696969696969695,0.6631130063965884
Logistic regression (baseline),0.3762135922330097,0.6609808102345416
Logistic regression (baseline),0.37667071688942894,0.6609808102345416
Logistic regression (baseline),0.3771289537712895,0.6609808102345416
Logistic regression (baseline),0.37758830694275275,0.6609808102345416
Logistic regression (baseline),0.37897310513447435,0.6609808102345416
Logistic regression (baseline),0.37821297429620565,0.6588486140724946
Logistic regression (baseline),0.3786764705882353,0.6588486140724946
Logistic regression (baseline),0.37791411042944784,0.6567164179104478
Logistic regression (baseline),0.3783783783783784,0.6567164179104478
Logistic regression (baseline),0.37884378843788435,0.6567164179104478
Logistic regression (baseline),0.3793103448275862,0.6567164179104478
Logistic regression (baseline),0.3797780517879161,0.6567164179104478
Logistic regression (baseline),0.3790123456790123,0.6545842217484008
Logistic regression (baseline),0.37824474660074164,0.652452025586354
Logistic regression (baseline),0.3774752475247525,0.650319829424307
Logistic regression (baseline),0.37794299876084264,0.650319829424307
Logistic regression (baseline),0.3784119106699752,0.650319829424307
Logistic regression (baseline),0.37763975155279506,0.6481876332622601
Logistic regression (baseline),0.3781094527363184,0.6481876332622601
Logistic regression (baseline),0.37858032378580325,0.6481876332622601
Logistic regression (baseline),0.3790523690773067,0.6481876332622601
Logistic regression (baseline),0.37952559300873906,0.6481876332622601
Logistic regression (baseline),0.38,0.6481876332622601
Logistic regression (baseline),0.3804755944931164,0.6481876332622601
Logistic regression (baseline),0.37969924812030076,0.6460554371002132
Logistic regression (baseline),0.38017565872020076,0.6460554371002132
Logistic regression (baseline),0.3793969849246231,0.6439232409381663
Logistic regression (baseline),0.379874213836478,0.6439232409381663
Logistic regression (baseline),0.380352644836272,0.6439232409381663
Logistic regression (baseline),0.38083228247162676,0.6439232409381663
Logistic regression (baseline),0.3813131313131313,0.6439232409381663
Logistic regression (baseline),0.38179519595448796,0.6439232409381663
Logistic regression (baseline),0.3822784810126582,0.6439232409381663
Logistic regression (baseline),0.38276299112801015,0.6439232409381663
Logistic regression (baseline),0.38373570520965694,0.6439232409381663
Logistic regression (baseline),0.3842239185750636,0.6439232409381663
Logistic regression (baseline),0.3852040816326531,0.6439232409381663
Logistic regression (baseline),0.38569604086845466,0.6439232409381663
Logistic regression (baseline),0.38618925831202044,0.6439232409381663
Logistic regression (baseline),0.3854033290653009,0.6417910447761194
Logistic regression (baseline),0.38461538461538464,0.6396588486140725
Logistic regression (baseline),0.3851091142490372,0.6396588486140725
Logistic regression (baseline),0.3835263835263835,0.6353944562899787
Logistic regression (baseline),0.38402061855670105,0.6353944562899787
Logistic regression (baseline),0.38451612903225807,0.6353944562899787
Logistic regression (baseline),0.3850129198966408,0.6353944562899787
Logistic regression (baseline),0.3855109961190168,0.6353944562899787
Logistic regression (baseline),0.38471502590673573,0.6332622601279317
Logistic regression (baseline),0.3852140077821012,0.6332622601279317
Logistic regression (baseline),0.38571428571428573,0.6332622601279317
Logistic regression (baseline),0.3862158647594278,0.6332622601279317
Logistic regression (baseline),0.38671875,0.6332622601279317
Logistic regression (baseline),0.38722294654498046,0.6332622601279317
Logistic regression (baseline),0.38642297650130547,0.6311300639658849
Logistic regression (baseline),0.3869281045751634,0.6311300639658849
Logistic regression (baseline),0.387434554973822,0.6311300639658849
Logistic regression (baseline),0.38794233289646135,0.6311300639658849
Logistic regression (baseline),0.3884514435695538,0.6311300639658849
Logistic regression (baseline),0.38896189224704336,0.6311300639658849
Logistic regression (baseline),0.3894736842105263,0.6311300639658849
Logistic regression (baseline),0.38998682476943347,0.6311300639658849
Logistic regression (baseline),0.3891820580474934,0.6289978678038379
Logistic regression (baseline),0.38969616908850724,0.6289978678038379
Logistic regression (baseline),0.39021164021164023,0.6289978678038379
Logistic regression (baseline),0.39072847682119205,0.6289978678038379
Logistic regression (baseline),0.3912466843501326,0.6289978678038379
Logistic regression (baseline),0.39176626826029215,0.6289978678038379
Logistic regression (baseline),0.39228723404255317,0.6289978678038379
Logistic regression (baseline),0.39280958721704395,0.6289978678038379
Logistic regression (baseline),0.392,0.6268656716417911
Logistic regression (baseline),0.3925233644859813,0.6268656716417911
Logistic regression (baseline),0.393048128342246,0.6268656716417911
Logistic regression (baseline),0.39357429718875503,0.6268656716417911
Logistic regression (baseline),0.39276139410187666,0.6247334754797441
Logistic regression (baseline),0.3919463087248322,0.6226012793176973
Logistic regression (baseline),0.3911290322580645,0.6204690831556503
Logistic regression (baseline),0.39030955585464333,0.6183368869936035
Logistic regression (baseline),0.3908355795148248,0.6183368869936035
Logistic regression (baseline),0.3913630229419703,0.6183368869936035
Logistic regression (baseline),0.3918918918918919,0.6183368869936035
Logistic regression (baseline),0.39242219215155616,0.6183368869936035
Logistic regression (baseline),0.39295392953929537,0.6183368869936035
Logistic regression (baseline),0.3921302578018996,0.6162046908315565
Logistic regression (baseline),0.391304347826087,0.6140724946695096
Logistic regression (baseline),0.3904761904761905,0.6119402985074627
Logistic regression (baseline),0.391008174386921,0.6119402985074627
Logistic regression (baseline),0.39154160982264663,0.6119402985074627
Logistic regression (baseline),0.39207650273224043,0.6119402985074627
Logistic regression (baseline),0.39261285909712723,0.6119402985074627
Logistic regression (baseline),0.3917808219178082,0.6098081023454158
Logistic regression (baseline),0.39231824417009603,0.6098081023454158
Logistic regression (baseline),0.39285714285714285,0.6098081023454158
Logistic regression (baseline),0.3920220082530949,0.6076759061833689
Logistic regression (baseline),0.3925619834710744,0.6076759061833689
Logistic regression (baseline),0.3931034482758621,0.6076759061833689
Logistic regression (baseline),0.393646408839779,0.6076759061833689
Logistic regression (baseline),0.3941908713692946,0.6076759061833689
Logistic regression (baseline),0.39473684210526316,0.6076759061833689
Logistic regression (baseline),0.39528432732316227,0.6076759061833689
Logistic regression (baseline),0.3958333333333333,0.6076759061833689
Logistic regression (baseline),0.3963838664812239,0.6076759061833689
Logistic regression (baseline),0.3969359331476323,0.6076759061833689
Logistic regression (baseline),0.39748953974895396,0.6076759061833689
Logistic regression (baseline),0.39804469273743015,0.6076759061833689
Logistic regression (baseline),0.3972027972027972,0.605543710021322
Logistic regression (baseline),0.39775910364145656,0.605543710021322
Logistic regression (baseline),0.39831697054698456,0.605543710021322
Logistic regression (baseline),0.398876404494382,0.605543710021322
Logistic regression (baseline),0.39943741209563993,0.605543710021322
Logistic regression (baseline),0.39859154929577467,0.603411513859275
Logistic regression (baseline),0.3983050847457627,0.6012793176972282
Logistic regression (baseline),0.3988684582743989,0.6012793176972282
Logistic regression (baseline),0.39943342776203966,0.6012793176972282
Logistic regression (baseline),0.4,0.6012793176972282
Logistic regression (baseline),0.4005681818181818,0.6012793176972282
Logistic regression (baseline),0.40028490028490027,0.5991471215351812
Logistic regression (baseline),0.4008559201141227,0.5991471215351812
Logistic regression (baseline),0.4014285714285714,0.5991471215351812
Logistic regression (baseline),0.402002861230329,0.5991471215351812
Logistic regression (baseline),0.40257879656160456,0.5991471215351812
Logistic regression (baseline),0.4031563845050215,0.5991471215351812
Logistic regression (baseline),0.40373563218390807,0.5991471215351812
Logistic regression (baseline),0.4028776978417266,0.5970149253731343
Logistic regression (baseline),0.4020172910662824,0.5948827292110874
Logistic regression (baseline),0.4025974025974026,0.5948827292110874
Logistic regression (baseline),0.4031791907514451,0.5948827292110874
Logistic regression (baseline),0.4037626628075253,0.5948827292110874
Logistic regression (baseline),0.4043478260869565,0.5948827292110874
Logistic regression (baseline),0.40493468795355586,0.5948827292110874
Logistic regression (baseline),0.40611353711790393,0.5948827292110874
Logistic regression (baseline),0.4067055393586006,0.5948827292110874
Logistic regression (baseline),0.4072992700729927,0.5948827292110874
Logistic regression (baseline),0.40789473684210525,0.5948827292110874
Logistic regression (baseline),0.4084919472913616,0.5948827292110874
Logistic regression (baseline),0.40762463343108507,0.5927505330490405
Logistic regression (baseline),0.4067547723935389,0.5906183368869936
Logistic regression (baseline),0.4073529411764706,0.5906183368869936
Logistic regression (baseline),0.406480117820324,0.5884861407249466
Logistic regression (baseline),0.4056047197640118,0.5863539445628998
Logistic regression (baseline),0.40472673559822747,0.5842217484008528
Logistic regression (baseline),0.40532544378698226,0.5842217484008528
Logistic regression (baseline),0.40444444444444444,0.582089552238806
Logistic regression (baseline),0.4050445103857567,0.582089552238806
Logistic regression (baseline),0.40564635958395245,0.582089552238806
Logistic regression (baseline),0.40625,0.582089552238806
Logistic regression (baseline),0.40536512667660207,0.579957356076759
Logistic regression (baseline),0.4059701492537313,0.579957356076759
Logistic regression (baseline),0.40657698056801195,0.579957356076759
Logistic regression (baseline),0.40718562874251496,0.579957356076759
Logistic regression (baseline),0.4077961019490255,0.579957356076759
Logistic regression (baseline),0.4069069069069069,0.5778251599147122
Logistic regression (baseline),0.4075187969924812,0.5778251599147122
Logistic regression (baseline),0.4066265060240964,0.5756929637526652
Logistic regression (baseline),0.4057315233785822,0.5735607675906184
Logistic regression (baseline),0.40483383685800606,0.5714285714285714
Logistic regression (baseline),0.4039334341906203,0.5692963752665245
Logistic regression (baseline),0.403030303030303,0.5671641791044776
Logistic regression (baseline),0.40364188163884673,0.5671641791044776
Logistic regression (baseline),0.4027355623100304,0.5650319829424307
Logistic regression (baseline),0.4033485540334855,0.5650319829424307
Logistic regression (baseline),0.40396341463414637,0.5650319829424307
Logistic regression (baseline),0.4030534351145038,0.5628997867803838
Logistic regression (baseline),0.4036697247706422,0.5628997867803838
Logistic regression (baseline),0.40275650842266464,0.5607675906183369
Logistic regression (baseline),0.40337423312883436,0.5607675906183369
Logistic regression (baseline),0.4039938556067588,0.5607675906183369
Logistic regression (baseline),0.40307692307692305,0.55863539445629
Logistic regression (baseline),0.4036979969183359,0.55863539445629
Logistic regression (baseline),0.404320987654321,0.55863539445629
Logistic regression (baseline),0.40494590417310666,0.55863539445629
Logistic regression (baseline),0.4040247678018576,0.5565031982942431
Logistic regression (baseline),0.40310077519379844,0.5543710021321961
Logistic regression (baseline),0.40217391304347827,0.5522388059701493
Logistic regression (baseline),0.40279937791601866,0.5522388059701493
Logistic regression (baseline),0.40342679127725856,0.5522388059701493
Logistic regression (baseline),0.4040561622464899,0.5522388059701493
Logistic regression (baseline),0.4046875,0.5522388059701493
Logistic regression (baseline),0.405320813771518,0.5522388059701493
Logistic regression (baseline),0.4059561128526646,0.5522388059701493
Logistic regression (baseline),0.4065934065934066,0.5522388059701493
Logistic regression (baseline),0.4056603773584906,0.5501066098081023
Logistic regression (baseline),0.4062992125984252,0.5501066098081023
Logistic regression (baseline),0.4069400630914827,0.5501066098081023
Logistic regression (baseline),0.4060031595576619,0.5479744136460555
Logistic regression (baseline),0.4050632911392405,0.5458422174840085
Logistic regression (baseline),0.40570522979397783,0.5458422174840085
Logistic regression (baseline),0.40634920634920635,0.5458422174840085
Logistic regression (baseline),0.40540540540540543,0.5437100213219617
Logistic regression (baseline),0.40605095541401276,0.5437100213219617
Logistic regression (baseline),0.40669856459330145,0.5437100213219617
Logistic regression (baseline),0.4073482428115016,0.5437100213219617
Logistic regression (baseline),0.408,0.5437100213219617
Logistic regression (baseline),0.40705128205128205,0.5415778251599147
Logistic regression (baseline),0.40770465489566615,0.5415778251599147
Logistic regression (baseline),0.40836012861736337,0.5415778251599147
Logistic regression (baseline),0.40901771336553944,0.5415778251599147
Logistic regression (baseline),0.4080645161290323,0.5394456289978679
Logistic regression (baseline),0.4087237479806139,0.5394456289978679
Logistic regression (baseline),0.40938511326860844,0.5394456289978679
Logistic regression (baseline),0.4100486223662885,0.5394456289978679
Logistic regression (baseline),0.4107142857142857,0.5394456289978679
Logistic regression (baseline),0.4097560975609756,0.5373134328358209
Logistic regression (baseline),0.40879478827361565,0.535181236673774
Logistic regression (baseline),0.4094616639477977,0.535181236673774
Logistic regression (baseline),0.41013071895424835,0.535181236673774
Logistic regression (baseline),0.40916530278232405,0.5330490405117271
Logistic regression (baseline),0.4098360655737705,0.5330490405117271
Logistic regression (baseline),0.4088669950738916,0.5309168443496801
Logistic regression (baseline),0.4095394736842105,0.5309168443496801
Logistic regression (baseline),0.4102141680395387,0.5309168443496801
Logistic regression (baseline),0.41089108910891087,0.5309168443496801
Logistic regression (baseline),0.4115702479338843,0.5309168443496801
Logistic regression (baseline),0.41225165562913907,0.5309168443496801
Logistic regression (baseline),0.41127694859038144,0.5287846481876333
Logistic regression (baseline),0.4119601328903654,0.5287846481876333
Logistic regression (baseline),0.41264559068219636,0.5287846481876333
Logistic regression (baseline),0.4116666666666667,0.5266524520255863
Logistic regression (baseline),0.41235392320534225,0.5266524520255863
Logistic regression (baseline),0.41304347826086957,0.5266524520255863
Logistic regression (baseline),0.4137353433835846,0.5266524520255863
Logistic regression (baseline),0.41442953020134227,0.5266524520255863
Logistic regression (baseline),0.4134453781512605,0.5245202558635395
Logistic regression (baseline),0.41414141414141414,0.5245202558635395
Logistic regression (baseline),0.4131534569983137,0.5223880597014925
Logistic regression (baseline),0.41385135135135137,0.5223880597014925
Logistic regression (baseline),0.41455160744500846,0.5223880597014925
Logistic regression (baseline),0.4152542372881356,0.5223880597014925
Logistic regression (baseline),0.4159592529711375,0.5223880597014925
Logistic regression (baseline),0.4166666666666667,0.5223880597014925
Logistic regression (baseline),0.41737649063032367,0.5223880597014925
Logistic regression (baseline),0.4180887372013652,0.5223880597014925
Logistic regression (baseline),0.4188034188034188,0.5223880597014925
Logistic regression (baseline),0.4195205479452055,0.5223880597014925
Logistic regression (baseline),0.4202401372212693,0.5223880597014925
Logistic regression (baseline),0.4209621993127148,0.5223880597014925
Logistic regression (baseline),0.42168674698795183,0.5223880597014925
Logistic regression (baseline),0.4224137931034483,0.5223880597014925
Logistic regression (baseline),0.4231433506044905,0.5223880597014925
Logistic regression (baseline),0.42387543252595156,0.5223880597014925
Logistic regression (baseline),0.4246100519930676,0.5223880597014925
Logistic regression (baseline),0.4253472222222222,0.5223880597014925
Logistic regression (baseline),0.4260869565217391,0.5223880597014925
Logistic regression (baseline),0.4268292682926829,0.5223880597014925
Logistic regression (baseline),0.4258289703315881,0.5202558635394456
Logistic regression (baseline),0.42657342657342656,0.5202558635394456
Logistic regression (baseline),0.4280701754385965,0.5202558635394456
Logistic regression (baseline),0.4270650263620387,0.5181236673773987
Logistic regression (baseline),0.4278169014084507,0.5181236673773987
Logistic regression (baseline),0.42680776014109345,0.5159914712153518
Logistic regression (baseline),0.4275618374558304,0.5159914712153518
Logistic regression (baseline),0.4283185840707965,0.5159914712153518
Logistic regression (baseline),0.42907801418439717,0.5159914712153518
Logistic regression (baseline),0.42984014209591476,0.5159914712153518
Logistic regression (baseline),0.4306049822064057,0.5159914712153518
Logistic regression (baseline),0.43137254901960786,0.5159914712153518
Logistic regression (baseline),0.43214285714285716,0.5159914712153518
Logistic regression (baseline),0.4329159212880143,0.5159914712153518
Logistic regression (baseline),0.4336917562724014,0.5159914712153518
Logistic regression (baseline),0.4326750448833034,0.5138592750533049
Logistic regression (baseline),0.4316546762589928,0.511727078891258
Logistic regression (baseline),0.43243243243243246,0.511727078891258
Logistic regression (baseline),0.4332129963898917,0.511727078891258
Logistic regression (baseline),0.43399638336347196,0.511727078891258
Logistic regression (baseline),0.43478260869565216,0.511727078891258
Logistic regression (baseline),0.4355716878402904,0.511727078891258
Logistic regression (baseline),0.43454545454545457,0.509594882729211
Logistic regression (baseline),0.4335154826958106,0.5074626865671642
Logistic regression (baseline),0.4324817518248175,0.5053304904051172
Logistic regression (baseline),0.43327239488117003,0.5053304904051172
Logistic regression (baseline),0.43223443223443225,0.5031982942430704
Logistic regression (baseline),0.43302752293577984,0.5031982942430704
Logistic regression (baseline),0.4338235294117647,0.5031982942430704
Logistic regression (baseline),0.4354243542435424,0.5031982942430704
Logistic regression (baseline),0.43622920517560076,0.5031982942430704
Logistic regression (baseline),0.43703703703703706,0.5031982942430704
Logistic regression (baseline),0.437847866419295,0.5031982942430704
Logistic regression (baseline),0.43866171003717475,0.5031982942430704
Logistic regression (baseline),0.43947858472998136,0.5031982942430704
Logistic regression (baseline),0.44029850746268656,0.5031982942430704
Logistic regression (baseline),0.4392523364485981,0.5010660980810234
Logistic regression (baseline),0.4400749063670412,0.5010660980810234
Logistic regression (baseline),0.43902439024390244,0.4989339019189765
Logistic regression (baseline),0.43796992481203006,0.4968017057569296
Logistic regression (baseline),0.4369114877589454,0.4946695095948827
Logistic regression (baseline),0.4364326375711575,0.4904051172707889
Logistic regression (baseline),0.435361216730038,0.488272921108742
Logistic regression (baseline),0.4361904761904762,0.488272921108742
Logistic regression (baseline),0.4351145038167939,0.4861407249466951
Logistic regression (baseline),0.4340344168260038,0.4840085287846482
Logistic regression (baseline),0.43486590038314177,0.4840085287846482
Logistic regression (baseline),0.43378119001919385,0.48187633262260127
Logistic regression (baseline),0.4326923076923077,0.47974413646055436
Logistic regression (baseline),0.43352601156069365,0.47974413646055436
Logistic regression (baseline),0.4343629343629344,0.47974413646055436
Logistic regression (baseline),0.43520309477756286,0.47974413646055436
Logistic regression (baseline),0.43410852713178294,0.47761194029850745
Logistic regression (baseline),0.4349514563106796,0.47761194029850745
Logistic regression (baseline),0.4357976653696498,0.47761194029850745
Logistic regression (baseline),0.43664717348927873,0.47761194029850745
Logistic regression (baseline),0.4375,0.47761194029850745
Logistic regression (baseline),0.4383561643835616,0.47761194029850745
Logistic regression (baseline),0.4392156862745098,0.47761194029850745
Logistic regression (baseline),0.4400785854616896,0.47761194029850745
Logistic regression (baseline),0.4409448818897638,0.47761194029850745
Logistic regression (baseline),0.4418145956607495,0.47761194029850745
Logistic regression (baseline),0.4426877470355731,0.47761194029850745
Logistic regression (baseline),0.4415841584158416,0.47547974413646055
Logistic regression (baseline),0.44246031746031744,0.47547974413646055
Logistic regression (baseline),0.4433399602385686,0.47547974413646055
Logistic regression (baseline),0.44223107569721115,0.47334754797441364
Logistic regression (baseline),0.4431137724550898,0.47334754797441364
Logistic regression (baseline),0.442,0.47121535181236673
Logistic regression (baseline),0.4408817635270541,0.4690831556503198
Logistic regression (baseline),0.4397590361445783,0.4669509594882729
Logistic regression (baseline),0.4386317907444668,0.464818763326226
Logistic regression (baseline),0.4375,0.4626865671641791
Logistic regression (baseline),0.43636363636363634,0.4605543710021322
Logistic regression (baseline),0.43724696356275305,0.4605543710021322
Logistic regression (baseline),0.4381338742393509,0.4605543710021322
Logistic regression (baseline),0.4369918699186992,0.4584221748400853
Logistic regression (baseline),0.4378818737270876,0.4584221748400853
Logistic regression (baseline),0.43673469387755104,0.4562899786780384
Logistic regression (baseline),0.4376278118609407,0.4562899786780384
Logistic regression (baseline),0.4385245901639344,0.4562899786780384
Logistic regression (baseline),0.43737166324435317,0.4541577825159915
Logistic regression (baseline),0.43621399176954734,0.4520255863539446
Logistic regression (baseline),0.43711340206185567,0.4520255863539446
Logistic regression (baseline),0.4359504132231405,0.44989339019189767
Logistic regression (baseline),0.43685300207039335,0.44989339019189767
Logistic regression (baseline),0.43775933609958506,0.44989339019189767
Logistic regression (baseline),0.4386694386694387,0.44989339019189767
Logistic regression (baseline),0.4375,0.44776119402985076
Logistic regression (baseline),0.4363256784968685,0.44562899786780386
Logistic regression (baseline),0.4372384937238494,0.44562899786780386
Logistic regression (baseline),0.4381551362683438,0.44562899786780386
Logistic regression (baseline),0.43907563025210083,0.44562899786780386
Logistic regression (baseline),0.4378947368421053,0.44349680170575695
Logistic regression (baseline),0.4388185654008439,0.44349680170575695
Logistic regression (baseline),0.4397463002114165,0.44349680170575695
Logistic regression (baseline),0.4385593220338983,0.44136460554371004
Logistic regression (baseline),0.4394904458598726,0.44136460554371004
Logistic regression (baseline),0.43829787234042555,0.43923240938166314
Logistic regression (baseline),0.43923240938166314,0.43923240938166314
Logistic regression (baseline),0.44017094017094016,0.43923240938166314
Logistic regression (baseline),0.4411134903640257,0.43923240938166314
Logistic regression (baseline),0.44206008583690987,0.43923240938166314
Logistic regression (baseline),0.443010752688172,0.43923240938166314
Logistic regression (baseline),0.44396551724137934,0.43923240938166314
Logistic regression (baseline),0.4449244060475162,0.43923240938166314
Logistic regression (baseline),0.44372294372294374,0.43710021321961623
Logistic regression (baseline),0.44468546637744033,0.43710021321961623
Logistic regression (baseline),0.44565217391304346,0.43710021321961623
Logistic regression (baseline),0.4444444444444444,0.4349680170575693
Logistic regression (baseline),0.44541484716157204,0.4349680170575693
Logistic regression (baseline),0.4442013129102845,0.43283582089552236
Logistic regression (baseline),0.44298245614035087,0.43070362473347545
Logistic regression (baseline),0.44395604395604393,0.43070362473347545
Logistic regression (baseline),0.44493392070484583,0.43070362473347545
Logistic regression (baseline),0.44370860927152317,0.42857142857142855
Logistic regression (baseline),0.4446902654867257,0.42857142857142855
Logistic regression (baseline),0.44567627494456763,0.42857142857142855
Logistic regression (baseline),0.44666666666666666,0.42857142857142855
Logistic regression (baseline),0.44766146993318484,0.42857142857142855
Logistic regression (baseline),0.4486607142857143,0.42857142857142855
Logistic regression (baseline),0.4484304932735426,0.42643923240938164
Logistic regression (baseline),0.449438202247191,0.42643923240938164
Logistic regression (baseline),0.44819819819819817,0.42430703624733473
Logistic regression (baseline),0.4492099322799097,0.42430703624733473
Logistic regression (baseline),0.4502262443438914,0.42430703624733473
Logistic regression (baseline),0.4512471655328798,0.42430703624733473
Logistic regression (baseline),0.45227272727272727,0.42430703624733473
Logistic regression (baseline),0.4533029612756264,0.42430703624733473
Logistic regression (baseline),0.4520547945205479,0.42217484008528783
Logistic regression (baseline),0.45308924485125857,0.42217484008528783
Logistic regression (baseline),0.4541284403669725,0.42217484008528783
Logistic regression (baseline),0.4528735632183908,0.4200426439232409
Logistic regression (baseline),0.4539170506912442,0.4200426439232409
Logistic regression (baseline),0.45496535796766746,0.4200426439232409
Logistic regression (baseline),0.45601851851851855,0.4200426439232409
Logistic regression (baseline),0.4547563805104408,0.417910447761194
Logistic regression (baseline),0.4558139534883721,0.417910447761194
Logistic regression (baseline),0.4568764568764569,0.417910447761194
Logistic regression (baseline),0.45560747663551404,0.4157782515991471
Logistic regression (baseline),0.4566744730679157,0.4157782515991471
Logistic regression (baseline),0.45647058823529413,0.4136460554371002
Logistic regression (baseline),0.45754716981132076,0.4136460554371002
Logistic regression (baseline),0.458628841607565,0.4136460554371002
Logistic regression (baseline),0.4597156398104265,0.4136460554371002
Logistic regression (baseline),0.4584323040380047,0.4115138592750533
Logistic regression (baseline),0.45714285714285713,0.4093816631130064
Logistic regression (baseline),0.45823389021479716,0.4093816631130064
Logistic regression (baseline),0.45933014354066987,0.4093816631130064
Logistic regression (baseline),0.46153846153846156,0.4093816631130064
Logistic regression (baseline),0.46265060240963857,0.4093816631130064
Logistic regression (baseline),0.463768115942029,0.4093816631130064
Logistic regression (baseline),0.4648910411622276,0.4093816631130064
Logistic regression (baseline),0.46601941747572817,0.4093816631130064
Logistic regression (baseline),0.46715328467153283,0.4093816631130064
Logistic regression (baseline),0.4658536585365854,0.4072494669509595
Logistic regression (baseline),0.46454767726161367,0.4051172707889126
Logistic regression (baseline),0.4632352941176471,0.40298507462686567
Logistic regression (baseline),0.4643734643734644,0.40298507462686567
Logistic regression (baseline),0.4630541871921182,0.40085287846481876
Logistic regression (baseline),0.4641975308641975,0.40085287846481876
Logistic regression (baseline),0.4628712871287129,0.39872068230277186
Logistic regression (baseline),0.4640198511166253,0.39872068230277186
Logistic regression (baseline),0.4651741293532338,0.39872068230277186
Logistic regression (baseline),0.46633416458852867,0.39872068230277186
Logistic regression (baseline),0.465,0.39658848614072495
Logistic regression (baseline),0.46616541353383456,0.39658848614072495
Logistic regression (baseline),0.46733668341708545,0.39658848614072495
Logistic regression (baseline),0.46851385390428213,0.39658848614072495
Logistic regression (baseline),0.4671717171717172,0.39445628997867804
Logistic regression (baseline),0.46582278481012657,0.39232409381663114
Logistic regression (baseline),0.46446700507614214,0.39019189765458423
Logistic regression (baseline),0.46564885496183206,0.39019189765458423
Logistic regression (baseline),0.46923076923076923,0.39019189765458423
Logistic regression (baseline),0.4704370179948586,0.39019189765458423
Logistic regression (baseline),0.47164948453608246,0.39019189765458423
Logistic regression (baseline),0.4702842377260982,0.3880597014925373
Logistic regression (baseline),0.4689119170984456,0.3859275053304904
Logistic regression (baseline),0.4701298701298701,0.3859275053304904
Logistic regression (baseline),0.46875,0.3837953091684435
Logistic regression (baseline),0.46736292428198434,0.3816631130063966
Logistic regression (baseline),0.468586387434555,0.3816631130063966
Logistic regression (baseline),0.4671916010498688,0.3795309168443497
Logistic regression (baseline),0.46842105263157896,0.3795309168443497
Logistic regression (baseline),0.46965699208443273,0.3795309168443497
Logistic regression (baseline),0.46825396825396826,0.3773987206823028
Logistic regression (baseline),0.46949602122015915,0.3773987206823028
Logistic regression (baseline),0.47074468085106386,0.3773987206823028
Logistic regression (baseline),0.4693333333333333,0.3752665245202559
Logistic regression (baseline),0.47058823529411764,0.3752665245202559
Logistic regression (baseline),0.4718498659517426,0.3752665245202559
Logistic regression (baseline),0.4731182795698925,0.3752665245202559
Logistic regression (baseline),0.4743935309973046,0.3752665245202559
Logistic regression (baseline),0.47297297297297297,0.373134328358209
Logistic regression (baseline),0.4742547425474255,0.373134328358209
Logistic regression (baseline),0.47282608695652173,0.37100213219616207
Logistic regression (baseline),0.47411444141689374,0.37100213219616207
Logistic regression (baseline),0.47540983606557374,0.37100213219616207
Logistic regression (baseline),0.473972602739726,0.36886993603411516
Logistic regression (baseline),0.47527472527472525,0.36886993603411516
Logistic regression (baseline),0.4738292011019284,0.36673773987206826
Logistic regression (baseline),0.4723756906077348,0.3646055437100213
Logistic regression (baseline),0.4709141274238227,0.3624733475479744
Logistic regression (baseline),0.46944444444444444,0.3603411513859275
Logistic regression (baseline),0.47075208913649025,0.3603411513859275
Logistic regression (baseline),0.4692737430167598,0.3582089552238806
Logistic regression (baseline),0.47058823529411764,0.3582089552238806
Logistic regression (baseline),0.4691011235955056,0.35607675906183367
Logistic regression (baseline),0.4676056338028169,0.35394456289978676
Logistic regression (baseline),0.4689265536723164,0.35394456289978676
Logistic regression (baseline),0.4702549575070821,0.35394456289978676
Logistic regression (baseline),0.4715909090909091,0.35394456289978676
Logistic regression (baseline),0.4700854700854701,0.35181236673773986
Logistic regression (baseline),0.4714285714285714,0.35181236673773986
Logistic regression (baseline),0.47277936962750716,0.35181236673773986
Logistic regression (baseline),0.47126436781609193,0.34968017057569295
Logistic regression (baseline),0.4697406340057637,0.34754797441364604
Logistic regression (baseline),0.4682080924855491,0.34541577825159914
Logistic regression (baseline),0.46956521739130436,0.34541577825159914
Logistic regression (baseline),0.47093023255813954,0.34541577825159914
Logistic regression (baseline),0.46938775510204084,0.34328358208955223
Logistic regression (baseline),0.4678362573099415,0.3411513859275053
Logistic regression (baseline),0.46920821114369504,0.3411513859275053
Logistic regression (baseline),0.47058823529411764,0.3411513859275053
Logistic regression (baseline),0.471976401179941,0.3411513859275053
Logistic regression (baseline),0.47337278106508873,0.3411513859275053
Logistic regression (baseline),0.47181008902077154,0.3390191897654584
Logistic regression (baseline),0.4732142857142857,0.3390191897654584
Logistic regression (baseline),0.4746268656716418,0.3390191897654584
Logistic regression (baseline),0.47604790419161674,0.3390191897654584
Logistic regression (baseline),0.4744744744744745,0.3368869936034115
Logistic regression (baseline),0.47289156626506024,0.3347547974413646
Logistic regression (baseline),0.47129909365558914,0.3326226012793177
Logistic regression (baseline),0.4727272727272727,0.3326226012793177
Logistic regression (baseline),0.47112462006079026,0.3304904051172708
Logistic regression (baseline),0.4725609756097561,0.3304904051172708
Logistic regression (baseline),0.4740061162079511,0.3304904051172708
Logistic regression (baseline),0.4754601226993865,0.3304904051172708
Logistic regression (baseline),0.47692307692307695,0.3304904051172708
Logistic regression (baseline),0.47530864197530864,0.3283582089552239
Logistic regression (baseline),0.47678018575851394,0.3283582089552239
Logistic regression (baseline),0.4782608695652174,0.3283582089552239
Logistic regression (baseline),0.4797507788161994,0.3283582089552239
Logistic regression (baseline),0.478125,0.326226012793177
Logistic regression (baseline),0.47648902821316613,0.32409381663113007
Logistic regression (baseline),0.4779874213836478,0.32409381663113007
Logistic regression (baseline),0.4794952681388013,0.32409381663113007
Logistic regression (baseline),0.4810126582278481,0.32409381663113007
Logistic regression (baseline),0.48253968253968255,0.32409381663113007
Logistic regression (baseline),0.4840764331210191,0.32409381663113007
Logistic regression (baseline),0.48242811501597443,0.32196162046908317
Logistic regression (baseline),0.483974358974359,0.32196162046908317
Logistic regression (baseline),0.4855305466237942,0.32196162046908317
Logistic regression (baseline),0.4838709677419355,0.31982942430703626
Logistic regression (baseline),0.4854368932038835,0.31982942430703626
Logistic regression (baseline),0.4837662337662338,0.31769722814498935
Logistic regression (baseline),0.48534201954397393,0.31769722814498935
Logistic regression (baseline),0.4869281045751634,0.31769722814498935
Logistic regression (baseline),0.4852459016393443,0.31556503198294245
Logistic regression (baseline),0.48355263157894735,0.31343283582089554
Logistic regression (baseline),0.48514851485148514,0.31343283582089554
Logistic regression (baseline),0.4867549668874172,0.31343283582089554
Logistic regression (baseline),0.4883720930232558,0.31343283582089554
Logistic regression (baseline),0.4866666666666667,0.31130063965884863
Logistic regression (baseline),0.48494983277591974,0.3091684434968017
Logistic regression (baseline),0.4865771812080537,0.3091684434968017
Logistic regression (baseline),0.4882154882154882,0.3091684434968017
Logistic regression (baseline),0.4864864864864865,0.3070362473347548
Logistic regression (baseline),0.488135593220339,0.3070362473347548
Logistic regression (baseline),0.4897959183673469,0.3070362473347548
Logistic regression (baseline),0.49146757679180886,0.3070362473347548
Logistic regression (baseline),0.4931506849315068,0.3070362473347548
Logistic regression (baseline),0.4948453608247423,0.3070362473347548
Logistic regression (baseline),0.496551724137931,0.3070362473347548
Logistic regression (baseline),0.4982698961937716,0.3070362473347548
Logistic regression (baseline),0.5,0.3070362473347548
Logistic regression (baseline),0.49825783972125437,0.3049040511727079
Logistic regression (baseline),0.5,0.3049040511727079
Logistic regression (baseline),0.5017543859649123,0.3049040511727079
Logistic regression (baseline),0.5,0.302771855010661
Logistic regression (baseline),0.5017667844522968,0.302771855010661
Logistic regression (baseline),0.5,0.3006396588486141
Logistic regression (baseline),0.501779359430605,0.3006396588486141
Logistic regression (baseline),0.5,0.29850746268656714
Logistic regression (baseline),0.49640287769784175,0.2942430703624733
Logistic regression (baseline),0.4981949458483754,0.2942430703624733
Logistic regression (baseline),0.4963768115942029,0.2921108742004264
Logistic regression (baseline),0.49454545454545457,0.2899786780383795
Logistic regression (baseline),0.49635036496350365,0.2899786780383795
Logistic regression (baseline),0.4945054945054945,0.2878464818763326
Logistic regression (baseline),0.4963235294117647,0.2878464818763326
Logistic regression (baseline),0.4944649446494465,0.2857142857142857
Logistic regression (baseline),0.4962962962962963,0.2857142857142857
Logistic regression (baseline),0.49814126394052044,0.2857142857142857
Logistic regression (baseline),0.4962686567164179,0.2835820895522388
Logistic regression (baseline),0.49812734082397003,0.2835820895522388
Logistic regression (baseline),0.5,0.2835820895522388
Logistic regression (baseline),0.5018867924528302,0.2835820895522388
Logistic regression (baseline),0.5037878787878788,0.2835820895522388
Logistic regression (baseline),0.5057471264367817,0.2814498933901919
Logistic regression (baseline),0.5038461538461538,0.279317697228145
Logistic regression (baseline),0.5019305019305019,0.2771855010660981
Logistic regression (baseline),0.5,0.27505330490405117
Logistic regression (baseline),0.4980544747081712,0.27292110874200426
Logistic regression (baseline),0.5,0.27292110874200426
Logistic regression (baseline),0.5019607843137255,0.27292110874200426
Logistic regression (baseline),0.5,0.27078891257995735
Logistic regression (baseline),0.5019762845849802,0.27078891257995735
Logistic regression (baseline),0.50199203187251,0.26865671641791045
Logistic regression (baseline),0.504,0.26865671641791045
Logistic regression (baseline),0.5020080321285141,0.26652452025586354
Logistic regression (baseline),0.5040322580645161,0.26652452025586354
Logistic regression (baseline),0.5020242914979757,0.26439232409381663
Logistic regression (baseline),0.5040650406504065,0.26439232409381663
Logistic regression (baseline),0.5061224489795918,0.26439232409381663
Logistic regression (baseline),0.5104602510460251,0.2601279317697228
Logistic regression (baseline),0.5084033613445378,0.2579957356076759
Logistic regression (baseline),0.5170940170940171,0.2579957356076759
Logistic regression (baseline),0.51931330472103,0.2579957356076759
Logistic regression (baseline),0.5172413793103449,0.255863539445629
Logistic regression (baseline),0.5194805194805194,0.255863539445629
Logistic regression (baseline),0.5217391304347826,0.255863539445629
Logistic regression (baseline),0.5240174672489083,0.255863539445629
Logistic regression (baseline),0.5263157894736842,0.255863539445629
Logistic regression (baseline),0.5242290748898678,0.2537313432835821
Logistic regression (baseline),0.5221238938053098,0.2515991471215352
Logistic regression (baseline),0.5244444444444445,0.2515991471215352
Logistic regression (baseline),0.5267857142857143,0.2515991471215352
Logistic regression (baseline),0.5291479820627802,0.2515991471215352
Logistic regression (baseline),0.5229357798165137,0.24307036247334754
Logistic regression (baseline),0.5207373271889401,0.24093816631130063
Logistic regression (baseline),0.5185185185185185,0.23880597014925373
Logistic regression (baseline),0.5209302325581395,0.23880597014925373
Logistic regression (baseline),0.5233644859813084,0.23880597014925373
Logistic regression (baseline),0.5258215962441315,0.23880597014925373
Logistic regression (baseline),0.5235849056603774,0.23667377398720682
Logistic regression (baseline),0.5260663507109005,0.23667377398720682
Logistic regression (baseline),0.5238095238095238,0.2345415778251599
Logistic regression (baseline),0.5215311004784688,0.232409381663113
Logistic regression (baseline),0.5192307692307693,0.2302771855010661
Logistic regression (baseline),0.5217391304347826,0.2302771855010661
Logistic regression (baseline),0.5194174757281553,0.2281449893390192
Logistic regression (baseline),0.5196078431372549,0.2260127931769723
Logistic regression (baseline),0.5247524752475248,0.2260127931769723
Logistic regression (baseline),0.525,0.22388059701492538
Logistic regression (baseline),0.5226130653266332,0.22174840085287847
Logistic regression (baseline),0.5252525252525253,0.22174840085287847
Logistic regression (baseline),0.5230769230769231,0.21748400852878466
Logistic regression (baseline),0.520618556701031,0.21535181236673773
Logistic regression (baseline),0.5233160621761658,0.21535181236673773
Logistic regression (baseline),0.5260416666666666,0.21535181236673773
Logistic regression (baseline),0.5287958115183246,0.21535181236673773
Logistic regression (baseline),0.5263157894736842,0.21321961620469082
Logistic regression (baseline),0.5291005291005291,0.21321961620469082
Logistic regression (baseline),0.5319148936170213,0.21321961620469082
Logistic regression (baseline),0.5294117647058824,0.21108742004264391
Logistic regression (baseline),0.5268817204301075,0.208955223880597
Logistic regression (baseline),0.5297297297297298,0.208955223880597
Logistic regression (baseline),0.5271739130434783,0.2068230277185501
Logistic regression (baseline),0.5245901639344263,0.2046908315565032
Logistic regression (baseline),0.521978021978022,0.2025586353944563
Logistic regression (baseline),0.5248618784530387,0.2025586353944563
Logistic regression (baseline),0.5277777777777778,0.2025586353944563
Logistic regression (baseline),0.519774011299435,0.19616204690831557
Logistic regression (baseline),0.5227272727272727,0.19616204690831557
Logistic regression (baseline),0.52,0.19402985074626866
Logistic regression (baseline),0.5229885057471264,0.19402985074626866
Logistic regression (baseline),0.5202312138728323,0.19189765458422176
Logistic regression (baseline),0.5232558139534884,0.19189765458422176
Logistic regression (baseline),0.5263157894736842,0.19189765458422176
Logistic regression (baseline),0.5235294117647059,0.18976545842217485
Logistic regression (baseline),0.5207100591715976,0.18763326226012794
Logistic regression (baseline),0.5238095238095238,0.18763326226012794
Logistic regression (baseline),0.5269461077844312,0.18763326226012794
Logistic regression (baseline),0.5301204819277109,0.18763326226012794
Logistic regression (baseline),0.5333333333333333,0.18763326226012794
Logistic regression (baseline),0.5365853658536586,0.18763326226012794
Logistic regression (baseline),0.5337423312883436,0.18550106609808104
Logistic regression (baseline),0.5370370370370371,0.18550106609808104
Logistic regression (baseline),0.5403726708074534,0.18550106609808104
Logistic regression (baseline),0.54375,0.18550106609808104
Logistic regression (baseline),0.5408805031446541,0.18336886993603413
Logistic regression (baseline),0.5379746835443038,0.1812366737739872
Logistic regression (baseline),0.5414012738853503,0.1812366737739872
Logistic regression (baseline),0.543046357615894,0.17484008528784648
Logistic regression (baseline),0.5466666666666666,0.17484008528784648
Logistic regression (baseline),0.5503355704697986,0.17484008528784648
Logistic regression (baseline),0.5540540540540541,0.17484008528784648
Logistic regression (baseline),0.5510204081632653,0.17270788912579957
Logistic regression (baseline),0.547945205479452,0.17057569296375266
Logistic regression (baseline),0.5517241379310345,0.17057569296375266
Logistic regression (baseline),0.5555555555555556,0.17057569296375266
Logistic regression (baseline),0.5594405594405595,0.17057569296375266
Logistic regression (baseline),0.5633802816901409,0.17057569296375266
Logistic regression (baseline),0.5602836879432624,0.16844349680170576
Logistic regression (baseline),0.5571428571428572,0.16631130063965885
Logistic regression (baseline),0.5611510791366906,0.16631130063965885
Logistic regression (baseline),0.5579710144927537,0.16417910447761194
Logistic regression (baseline),0.5547445255474452,0.16204690831556504
Logistic regression (baseline),0.5588235294117647,0.16204690831556504
Logistic regression (baseline),0.562962962962963,0.16204690831556504
Logistic regression (baseline),0.5671641791044776,0.16204690831556504
Logistic regression (baseline),0.5714285714285714,0.16204690831556504
Logistic regression (baseline),0.5757575757575758,0.16204690831556504
Logistic regression (baseline),0.5801526717557252,0.16204690831556504
Logistic regression (baseline),0.5846153846153846,0.16204690831556504
Logistic regression (baseline),0.5891472868217055,0.16204690831556504
Logistic regression (baseline),0.5859375,0.15991471215351813
Logistic regression (baseline),0.5905511811023622,0.15991471215351813
Logistic regression (baseline),0.5952380952380952,0.15991471215351813
Logistic regression (baseline),0.6,0.15991471215351813
Logistic regression (baseline),0.6048387096774194,0.15991471215351813
Logistic regression (baseline),0.6016260162601627,0.15778251599147122
Logistic regression (baseline),0.5983606557377049,0.15565031982942432
Logistic regression (baseline),0.5950413223140496,0.1535181236673774
Logistic regression (baseline),0.6,0.1535181236673774
Logistic regression (baseline),0.5966386554621849,0.1513859275053305
Logistic regression (baseline),0.6016949152542372,0.1513859275053305
Logistic regression (baseline),0.6068376068376068,0.1513859275053305
Logistic regression (baseline),0.6120689655172413,0.1513859275053305
Logistic regression (baseline),0.6173913043478261,0.1513859275053305
Logistic regression (baseline),0.6228070175438597,0.1513859275053305
Logistic regression (baseline),0.6283185840707964,0.1513859275053305
Logistic regression (baseline),0.6339285714285714,0.1513859275053305
Logistic regression (baseline),0.6306306306306306,0.14925373134328357
Logistic regression (baseline),0.6272727272727273,0.14712153518123666
Logistic regression (baseline),0.6330275229357798,0.14712153518123666
Logistic regression (baseline),0.6296296296296297,0.14498933901918976
Logistic regression (baseline),0.6261682242990654,0.14285714285714285
Logistic regression (baseline),0.6226415094339622,0.14072494669509594
Logistic regression (baseline),0.6285714285714286,0.14072494669509594
Logistic regression (baseline),0.625,0.13859275053304904
Logistic regression (baseline),0.6213592233009708,0.13646055437100213
Logistic regression (baseline),0.6176470588235294,0.13432835820895522
Logistic regression (baseline),0.6237623762376238,0.13432835820895522
Logistic regression (baseline),0.63,0.13432835820895522
Logistic regression (baseline),0.6363636363636364,0.13432835820895522
Logistic regression (baseline),0.6326530612244898,0.13219616204690832
Logistic regression (baseline),0.6288659793814433,0.1300639658848614
Logistic regression (baseline),0.625,0.1279317697228145
Logistic regression (baseline),0.631578947368421,0.1279317697228145
Logistic regression (baseline),0.6382978723404256,0.1279317697228145
Logistic regression (baseline),0.6451612903225806,0.1279317697228145
Logistic regression (baseline),0.6444444444444445,0.12366737739872068
Logistic regression (baseline),0.6404494382022472,0.12153518123667377
Logistic regression (baseline),0.6477272727272727,0.12153518123667377
Logistic regression (baseline),0.6551724137931034,0.12153518123667377
Logistic regression (baseline),0.6627906976744186,0.12153518123667377
Logistic regression (baseline),0.6588235294117647,0.11940298507462686
Logistic regression (baseline),0.6547619047619048,0.11727078891257996
Logistic regression (baseline),0.6506024096385542,0.11513859275053305
Logistic regression (baseline),0.6463414634146342,0.11300639658848614
Logistic regression (baseline),0.6419753086419753,0.11087420042643924
Logistic regression (baseline),0.65,0.11087420042643924
Logistic regression (baseline),0.6582278481012658,0.11087420042643924
Logistic regression (baseline),0.6538461538461539,0.10874200426439233
Logistic regression (baseline),0.6623376623376623,0.10874200426439233
Logistic regression (baseline),0.6578947368421053,0.10660980810234541
Logistic regression (baseline),0.6666666666666666,0.10660980810234541
Logistic regression (baseline),0.6621621621621622,0.1044776119402985
Logistic regression (baseline),0.6575342465753424,0.1023454157782516
Logistic regression (baseline),0.6527777777777778,0.10021321961620469
Logistic regression (baseline),0.6619718309859155,0.10021321961620469
Logistic regression (baseline),0.6714285714285714,0.10021321961620469
Logistic regression (baseline),0.6811594202898551,0.10021321961620469
Logistic regression (baseline),0.6911764705882353,0.10021321961620469
Logistic regression (baseline),0.6865671641791045,0.09808102345415778
Logistic regression (baseline),0.696969696969697,0.09808102345415778
Logistic regression (baseline),0.6923076923076923,0.09594882729211088
Logistic regression (baseline),0.703125,0.09594882729211088
Logistic regression (baseline),0.6984126984126984,0.09381663113006397
Logistic regression (baseline),0.7096774193548387,0.09381663113006397
Logistic regression (baseline),0.7049180327868853,0.09168443496801706
Logistic regression (baseline),0.7166666666666667,0.09168443496801706
Logistic regression (baseline),0.711864406779661,0.08955223880597014
Logistic regression (baseline),0.7068965517241379,0.08742004264392324
Logistic regression (baseline),0.7017543859649122,0.08528784648187633
Logistic regression (baseline),0.6964285714285714,0.08315565031982942
Logistic regression (baseline),0.6909090909090909,0.08102345415778252
Logistic regression (baseline),0.7037037037037037,0.08102345415778252
Logistic regression (baseline),0.6981132075471698,0.07889125799573561
Logistic regression (baseline),0.6923076923076923,0.0767590618336887
Logistic regression (baseline),0.7058823529411765,0.0767590618336887
Logistic regression (baseline),0.7,0.07462686567164178
Logistic regression (baseline),0.6938775510204082,0.07249466950959488
Logistic regression (baseline),0.6875,0.07036247334754797
Logistic regression (baseline),0.6808510638297872,0.06823027718550106
Logistic regression (baseline),0.6739130434782609,0.06609808102345416
Logistic regression (baseline),0.6666666666666666,0.06396588486140725
Logistic regression (baseline),0.6818181818181818,0.06396588486140725
Logistic regression (baseline),0.6744186046511628,0.06183368869936034
Logistic regression (baseline),0.6904761904761905,0.06183368869936034
Logistic regression (baseline),0.7073170731707317,0.06183368869936034
Logistic regression (baseline),0.725,0.06183368869936034
Logistic regression (baseline),0.7435897435897436,0.06183368869936034
Logistic regression (baseline),0.7368421052631579,0.05970149253731343
Logistic regression (baseline),0.7297297297297297,0.057569296375266525
Logistic regression (baseline),0.7222222222222222,0.05543710021321962
Logistic regression (baseline),0.7142857142857143,0.053304904051172705
Logistic regression (baseline),0.7058823529411765,0.0511727078891258
Logistic regression (baseline),0.696969696969697,0.04904051172707889
Logistic regression (baseline),0.6875,0.046908315565031986
Logistic regression (baseline),0.6774193548387096,0.04477611940298507
Logistic regression (baseline),0.6666666666666666,0.03837953091684435
Logistic regression (baseline),0.7083333333333334,0.03624733475479744
Logistic regression (baseline),0.65,0.02771855010660981
Logistic regression (baseline),0.6842105263157895,0.02771855010660981
Logistic regression (baseline),0.7058823529411765,0.0255863539445629
Logistic regression (baseline),0.7142857142857143,0.021321961620469083
Logistic regression (baseline),0.8333333333333334,0.021321961620469083
Logistic regression (baseline),0.7142857142857143,0.010660980810234541
Logistic regression (baseline),0.6666666666666666,0.008528784648187633
Logistic regression (baseline),0.6,0.006396588486140725
Logistic regression (baseline),0.75,0.006396588486140725
Logistic regression (baseline),1.0,0.0021321961620469083
Logistic regression (baseline),1.0,0.0
XGBoost (structured),0.22091380122468204,1.0
XGBoost (structured),0.22101790763430726,1.0
XGBoost (structured),0.22112211221122113,1.0
XGBoost (structured),0.22122641509433963,1.0
XGBoost (structured),0.22133081642284097,1.0
XGBoost (structured),0.2214353163361662,1.0
XGBoost (structured),0.22174940898345152,1.0
XGBoost (structured),0.22185430463576158,1.0
XGBoost (structured),0.22195929957406532,1.0
XGBoost (structured),0.22206439393939395,1.0
XGBoost (structured),0.22216958787304594,1.0
XGBoost (structured),0.22227488151658767,1.0
XGBoost (structured),0.22248576850094876,1.0
XGBoost (structured),0.22259136212624583,1.0
XGBoost (structured),0.22269705603038936,1.0
XGBoost (structured),0.2229087452471483,1.0
XGBoost (structured),0.2230147408464099,1.0
XGBoost (structured),0.2231208372978116,1.0
XGBoost (structured),0.22322703474535935,1.0
XGBoost (structured),0.22333333333333333,1.0
XGBoost (structured),0.2234397332062887,1.0
XGBoost (structured),0.22354623450905625,1.0
XGBoost (structured),0.22365283738674296,1.0
XGBoost (structured),0.22375954198473283,1.0
XGBoost (structured),0.22386634844868736,1.0
XGBoost (structured),0.2239732569245463,1.0
XGBoost (structured),0.22408026755852842,1.0
XGBoost (structured),0.22418738049713194,1.0
XGBoost (structured),0.22429459588713535,1.0
XGBoost (structured),0.22440191387559807,1.0
XGBoost (structured),0.22450933460986117,1.0
XGBoost (structured),0.2246168582375479,1.0
XGBoost (structured),0.22472448490656444,1.0
XGBoost (structured),0.22483221476510068,1.0
XGBoost (structured),0.22504798464491363,1.0
XGBoost (structured),0.22515602496399423,1.0
XGBoost (structured),0.22537241710716002,1.0
XGBoost (structured),0.22548076923076923,1.0
XGBoost (structured),0.2255892255892256,1.0
XGBoost (structured),0.22569778633301252,1.0
XGBoost (structured),0.22580645161290322,1.0
XGBoost (structured),0.22591522157996147,1.0
XGBoost (structured),0.22602409638554216,1.0
XGBoost (structured),0.2261330761812922,1.0
XGBoost (structured),0.22635135135135134,1.0
XGBoost (structured),0.2264606470304201,1.0
XGBoost (structured),0.22657004830917873,1.0
XGBoost (structured),0.22667955534074433,1.0
XGBoost (structured),0.22678916827853,1.0
XGBoost (structured),0.22689888727624577,1.0
XGBoost (structured),0.2271186440677966,1.0
XGBoost (structured),0.22722868217054262,1.0
XGBoost (structured),0.22733882695104218,1.0
XGBoost (structured),0.22744907856450047,1.0
XGBoost (structured),0.22755943716642407,1.0
XGBoost (structured),0.22766990291262135,1.0
XGBoost (structured),0.2277804759592035,1.0
XGBoost (structured),0.22789115646258504,1.0
XGBoost (structured),0.2280019445794847,1.0
XGBoost (structured),0.22811284046692606,1.0
XGBoost (structured),0.22822384428223844,1.0
XGBoost (structured),0.22844617632732586,1.0
XGBoost (structured),0.22855750487329435,1.0
XGBoost (structured),0.22866894197952217,1.0
XGBoost (structured),0.22878048780487806,1.0
XGBoost (structured),0.22889214250854076,1.0
XGBoost (structured),0.22900390625,1.0
XGBoost (structured),0.22911577918905715,1.0
XGBoost (structured),0.229227761485826,1.0
XGBoost (structured),0.2293398533007335,1.0
XGBoost (structured),0.22945205479452055,1.0
XGBoost (structured),0.22956436612824277,1.0
XGBoost (structured),0.22978931896129348,1.0
XGBoost (structured),0.2299019607843137,1.0
XGBoost (structured),0.23001471309465424,1.0
XGBoost (structured),0.23012757605495585,1.0
XGBoost (structured),0.23024054982817868,1.0
XGBoost (structured),0.23035363457760313,1.0
XGBoost (structured),0.23046683046683047,1.0
XGBoost (structured),0.23080708661417323,1.0
XGBoost (structured),0.23092072870507138,1.0
XGBoost (structured),0.23103448275862068,1.0
XGBoost (structured),0.2311483489403647,1.0
XGBoost (structured),0.23126232741617356,1.0
XGBoost (structured),0.2313764183522447,1.0
XGBoost (structured),0.23149062191510364,1.0
XGBoost (structured),0.23160493827160494,1.0
XGBoost (structured),0.2317193675889328,1.0
XGBoost (structured),0.23183391003460208,1.0
XGBoost (structured),0.23194856577645895,1.0
XGBoost (structured),0.23206333498268183,1.0
XGBoost (structured),0.2321782178217822,1.0
XGBoost (structured),0.23229321446260526,1.0
XGBoost (structured),0.232408325074331,1.0
XGBoost (structured),0.23252354982647497,1.0
XGBoost (structured),0.2326388888888889,1.0
XGBoost (structured),0.2327543424317618,1.0
XGBoost (structured),0.23286991062562065,1.0
XGBoost (structured),0.23298559364133134,1.0
XGBoost (structured),0.2331013916500994,1.0
XGBoost (structured),0.23321730482347092,1.0
XGBoost (structured),0.23333333333333334,1.0
XGBoost (structured),0.23344947735191637,1.0
XGBoost (structured),0.23356573705179282,1.0
XGBoost (structured),0.23368211260587943,1.0
XGBoost (structured),0.2337986041874377,1.0
XGBoost (structured),0.2339152119700748,1.0
XGBoost (structured),0.2340319361277445,1.0
XGBoost (structured),0.23414877683474788,1.0
XGBoost (structured),0.23426573426573427,1.0
XGBoost (structured),0.23438280859570215,1.0
XGBoost (structured),0.2345,1.0
XGBoost (structured),0.23461730865432717,1.0
XGBoost (structured),0.23473473473473475,1.0
XGBoost (structured),0.23485227841762643,1.0
XGBoost (structured),0.23496993987975953,1.0
XGBoost (structured),0.23508771929824562,1.0
XGBoost (structured),0.23520561685055166,1.0
XGBoost (structured),0.23532363271450074,1.0
XGBoost (structured),0.2354417670682731,1.0
XGBoost (structured),0.23556002009040683,1.0
XGBoost (structured),0.235678391959799,1.0
XGBoost (structured),0.23579688285570638,1.0
XGBoost (structured),0.23591549295774647,1.0
XGBoost (structured),0.23603422244589833,1.0
XGBoost (structured),0.23615307150050352,1.0
XGBoost (structured),0.236272040302267,1.0
XGBoost (structured),0.23639112903225806,1.0
XGBoost (structured),0.23651033787191125,1.0
XGBoost (structured),0.23662966700302723,1.0
XGBoost (structured),0.23624432104997475,0.997867803837953
XGBoost (structured),0.23636363636363636,0.997867803837953
XGBoost (structured),0.23648307225871654,0.997867803837953
XGBoost (structured),0.23660262891809908,0.997867803837953
XGBoost (structured),0.23672230652503792,0.997867803837953
XGBoost (structured),0.23684210526315788,0.997867803837953
XGBoost (structured),0.2369620253164557,0.997867803837953
XGBoost (structured),0.23708206686930092,0.997867803837953
XGBoost (structured),0.2366953877344146,0.9957356076759062
XGBoost (structured),0.236815415821501,0.9957356076759062
XGBoost (structured),0.23693556570268898,0.9957356076759062
XGBoost (structured),0.23705583756345178,0.9957356076759062
XGBoost (structured),0.2371762315896394,0.9957356076759062
XGBoost (structured),0.23729674796747968,0.9957356076759062
XGBoost (structured),0.23741738688357905,0.9957356076759062
XGBoost (structured),0.2375381485249237,0.9957356076759062
XGBoost (structured),0.2376590330788804,0.9957356076759062
XGBoost (structured),0.23778004073319756,0.9957356076759062
XGBoost (structured),0.2379011716760061,0.9957356076759062
XGBoost (structured),0.23802242609582058,0.9957356076759062
XGBoost (structured),0.23814380418154002,0.9957356076759062
XGBoost (structured),0.23826530612244898,0.9957356076759062
XGBoost (structured),0.23838693210821849,0.9957356076759062
XGBoost (structured),0.23850868232890704,0.9957356076759062
XGBoost (structured),0.2386305569749617,0.9957356076759062
XGBoost (structured),0.23824130879345604,0.9936034115138592
XGBoost (structured),0.23836317135549873,0.9936034115138592
XGBoost (structured),0.23848515864892528,0.9936034115138592
XGBoost (structured),0.23860727086533537,0.9936034115138592
XGBoost (structured),0.2387295081967213,0.9936034115138592
XGBoost (structured),0.238851870835469,0.9936034115138592
XGBoost (structured),0.23897435897435898,0.9936034115138592
XGBoost (structured),0.23909697280656747,0.9936034115138592
XGBoost (structured),0.23921971252566734,0.9936034115138592
XGBoost (structured),0.23934257832562916,0.9936034115138592
XGBoost (structured),0.2394655704008222,0.9936034115138592
XGBoost (structured),0.23958868894601543,0.9936034115138592
XGBoost (structured),0.2397119341563786,0.9936034115138592
XGBoost (structured),0.23983530622748328,0.9936034115138592
XGBoost (structured),0.2399588053553038,0.9936034115138592
XGBoost (structured),0.24008243173621843,0.9936034115138592
XGBoost (structured),0.24020618556701032,0.9936034115138592
XGBoost (structured),0.24033006704486848,0.9936034115138592
XGBoost (structured),0.24045407636738905,0.9936034115138592
XGBoost (structured),0.24057821373257615,0.9936034115138592
XGBoost (structured),0.24070247933884298,0.9936034115138592
XGBoost (structured),0.2408268733850129,0.9936034115138592
XGBoost (structured),0.24095139607032057,0.9936034115138592
XGBoost (structured),0.24107604759441284,0.9936034115138592
XGBoost (structured),0.2412008281573499,0.9936034115138592
XGBoost (structured),0.24132573795960643,0.9936034115138592
XGBoost (structured),0.24157594608605495,0.9936034115138592
XGBoost (structured),0.2411825726141079,0.9914712153518124
XGBoost (structured),0.24130773222625843,0.9914712153518124
XGBoost (structured),0.24143302180685358,0.9914712153518124
XGBoost (structured),0.24155844155844156,0.9914712153518124
XGBoost (structured),0.24168399168399168,0.9914712153518124
XGBoost (structured),0.24180967238689546,0.9914712153518124
XGBoost (structured),0.24193548387096775,0.9914712153518124
XGBoost (structured),0.2420614263404477,0.9914712153518124
XGBoost (structured),0.2421875,0.9914712153518124
XGBoost (structured),0.242313705054716,0.9914712153518124
XGBoost (structured),0.2424400417101147,0.9914712153518124
XGBoost (structured),0.24256651017214398,0.9914712153518124
XGBoost (structured),0.24269311064718163,0.9914712153518124
XGBoost (structured),0.24281984334203655,0.9914712153518124
XGBoost (structured),0.24294670846394983,0.9914712153518124
XGBoost (structured),0.24307370622059593,0.9914712153518124
XGBoost (structured),0.24320083682008367,0.9914712153518124
XGBoost (structured),0.24332810047095763,0.9914712153518124
XGBoost (structured),0.24345549738219896,0.9914712153518124
XGBoost (structured),0.24305919329491882,0.9893390191897654
XGBoost (structured),0.2431865828092243,0.9893390191897654
XGBoost (structured),0.24331410592553748,0.9893390191897654
XGBoost (structured),0.24344176285414482,0.9893390191897654
XGBoost (structured),0.24356955380577427,0.9893390191897654
XGBoost (structured),0.24369747899159663,0.9893390191897654
XGBoost (structured),0.24382553862322648,0.9893390191897654
XGBoost (structured),0.24395373291272346,0.9893390191897654
XGBoost (structured),0.24408206207259336,0.9893390191897654
XGBoost (structured),0.24421052631578946,0.9893390191897654
XGBoost (structured),0.24433912585571355,0.9893390191897654
XGBoost (structured),0.24446786090621708,0.9893390191897654
XGBoost (structured),0.24459673168160254,0.9893390191897654
XGBoost (structured),0.24472573839662448,0.9893390191897654
XGBoost (structured),0.24485488126649077,0.9893390191897654
XGBoost (structured),0.24498416050686378,0.9893390191897654
XGBoost (structured),0.2451135763338616,0.9893390191897654
XGBoost (structured),0.2452431289640592,0.9893390191897654
XGBoost (structured),0.24484399788471709,0.9872068230277186
XGBoost (structured),0.24497354497354498,0.9872068230277186
XGBoost (structured),0.2451032292218105,0.9872068230277186
XGBoost (structured),0.24523305084745764,0.9872068230277186
XGBoost (structured),0.2453630100688924,0.9872068230277186
XGBoost (structured),0.2454931071049841,0.9872068230277186
XGBoost (structured),0.24562334217506632,0.9872068230277186
XGBoost (structured),0.24522292993630573,0.9850746268656716
XGBoost (structured),0.24535315985130113,0.9850746268656716
XGBoost (structured),0.2454835281615303,0.9850746268656716
XGBoost (structured),0.24561403508771928,0.9850746268656716
XGBoost (structured),0.24574468085106382,0.9850746268656716
XGBoost (structured),0.24587546567323043,0.9850746268656716
XGBoost (structured),0.24600638977635783,0.9850746268656716
XGBoost (structured),0.24613745338305806,0.9850746268656716
XGBoost (structured),0.2462686567164179,0.9850746268656716
XGBoost (structured),0.2464,0.9850746268656716
XGBoost (structured),0.24653148345784417,0.9850746268656716
XGBoost (structured),0.24666310731446878,0.9850746268656716
XGBoost (structured),0.2467948717948718,0.9850746268656716
XGBoost (structured),0.24692677712453234,0.9850746268656716
XGBoost (structured),0.24705882352941178,0.9850746268656716
XGBoost (structured),0.24665596575708934,0.9829424307036247
XGBoost (structured),0.2467880085653105,0.9829424307036247
XGBoost (structured),0.24692019282271024,0.9829424307036247
XGBoost (structured),0.2465166130760986,0.9808102345415778
XGBoost (structured),0.24664879356568364,0.9808102345415778
XGBoost (structured),0.24678111587982832,0.9808102345415778
XGBoost (structured),0.24691358024691357,0.9808102345415778
XGBoost (structured),0.24650912996777657,0.9786780383795309
XGBoost (structured),0.24664159054271897,0.9786780383795309
XGBoost (structured),0.2467741935483871,0.9786780383795309
XGBoost (structured),0.24690693921463153,0.9786780383795309
XGBoost (structured),0.24730603448275862,0.9786780383795309
XGBoost (structured),0.24743935309973045,0.9786780383795309
XGBoost (structured),0.24757281553398058,0.9786780383795309
XGBoost (structured),0.24770642201834864,0.9786780383795309
XGBoost (structured),0.2478401727861771,0.9786780383795309
XGBoost (structured),0.2481081081081081,0.9786780383795309
XGBoost (structured),0.2482422931314224,0.9786780383795309
XGBoost (structured),0.2483766233766234,0.9786780383795309
XGBoost (structured),0.24851109907958852,0.9786780383795309
XGBoost (structured),0.24864572047670638,0.9786780383795309
XGBoost (structured),0.24878048780487805,0.9786780383795309
XGBoost (structured),0.24891540130151843,0.9786780383795309
XGBoost (structured),0.24850786760716223,0.976545842217484
XGBoost (structured),0.2493195427327164,0.976545842217484
XGBoost (structured),0.2494553376906318,0.976545842217484
XGBoost (structured),0.24959128065395095,0.976545842217484
XGBoost (structured),0.24972737186477645,0.976545842217484
XGBoost (structured),0.24986361156573922,0.976545842217484
XGBoost (structured),0.25,0.976545842217484
XGBoost (structured),0.2501365374112507,0.976545842217484
XGBoost (structured),0.2502732240437158,0.976545842217484
XGBoost (structured),0.2498633132859486,0.9744136460554371
XGBoost (structured),0.25,0.9744136460554371
XGBoost (structured),0.2501368363437329,0.9744136460554371
XGBoost (structured),0.2502738225629792,0.9744136460554371
XGBoost (structured),0.2504109589041096,0.9744136460554371
XGBoost (structured),0.25,0.9722814498933902
XGBoost (structured),0.24958859023587493,0.9701492537313433
XGBoost (structured),0.24972557628979145,0.9701492537313433
XGBoost (structured),0.2498627127951675,0.9701492537313433
XGBoost (structured),0.25,0.9701492537313433
XGBoost (structured),0.25013743815283124,0.9701492537313433
XGBoost (structured),0.25027502750275027,0.9701492537313433
XGBoost (structured),0.2508269018743109,0.9701492537313433
XGBoost (structured),0.25096525096525096,0.9701492537313433
XGBoost (structured),0.2511037527593819,0.9701492537313433
XGBoost (structured),0.25124240750966315,0.9701492537313433
XGBoost (structured),0.2513812154696133,0.9701492537313433
XGBoost (structured),0.25152017689331124,0.9701492537313433
XGBoost (structured),0.2516592920353982,0.9701492537313433
XGBoost (structured),0.2517985611510791,0.9701492537313433
XGBoost (structured),0.25193798449612403,0.9701492537313433
XGBoost (structured),0.2515235457063712,0.9680170575692963
XGBoost (structured),0.2516629711751663,0.9680170575692963
XGBoost (structured),0.25180255130338325,0.9680170575692963
XGBoost (structured),0.2519422863485017,0.9680170575692963
XGBoost (structured),0.252082176568573,0.9680170575692963
XGBoost (structured),0.25166666666666665,0.9658848614072495
XGBoost (structured),0.2518065591995553,0.9658848614072495
XGBoost (structured),0.25194660734149055,0.9658848614072495
XGBoost (structured),0.2522271714922049,0.9658848614072495
XGBoost (structured),0.2523676880222841,0.9658848614072495
XGBoost (structured),0.2525083612040134,0.9658848614072495
XGBoost (structured),0.25264919129949803,0.9658848614072495
XGBoost (structured),0.25279017857142855,0.9658848614072495
XGBoost (structured),0.2529313232830821,0.9658848614072495
XGBoost (structured),0.25251396648044694,0.9637526652452025
XGBoost (structured),0.25265511458915596,0.9637526652452025
XGBoost (structured),0.25279642058165547,0.9637526652452025
XGBoost (structured),0.2523782876329043,0.9616204690831557
XGBoost (structured),0.2525195968645017,0.9616204690831557
XGBoost (structured),0.2526610644257703,0.9616204690831557
XGBoost (structured),0.2528026905829596,0.9616204690831557
XGBoost (structured),0.25294447560291644,0.9616204690831557
XGBoost (structured),0.25308641975308643,0.9616204690831557
XGBoost (structured),0.253228523301516,0.9616204690831557
XGBoost (structured),0.2533707865168539,0.9616204690831557
XGBoost (structured),0.25365579302587177,0.9616204690831557
XGBoost (structured),0.2537985368598762,0.9616204690831557
XGBoost (structured),0.25394144144144143,0.9616204690831557
XGBoost (structured),0.2540845070422535,0.9616204690831557
XGBoost (structured),0.25422773393461107,0.9616204690831557
XGBoost (structured),0.25437112239142695,0.9616204690831557
XGBoost (structured),0.25451467268623024,0.9616204690831557
XGBoost (structured),0.2546583850931677,0.9616204690831557
XGBoost (structured),0.25480225988700567,0.9616204690831557
XGBoost (structured),0.25494629734313173,0.9616204690831557
XGBoost (structured),0.25509049773755654,0.9616204690831557
XGBoost (structured),0.2552348613469157,0.9616204690831557
XGBoost (structured),0.25537938844847113,0.9616204690831557
XGBoost (structured),0.25552407932011334,0.9616204690831557
XGBoost (structured),0.2556689342403628,0.9616204690831557
XGBoost (structured),0.2558139534883721,0.9616204690831557
XGBoost (structured),0.25595913734392733,0.9616204690831557
XGBoost (structured),0.2561044860874503,0.9616204690831557
XGBoost (structured),0.25625,0.9616204690831557
XGBoost (structured),0.25639567936327456,0.9616204690831557
XGBoost (structured),0.25597269624573377,0.9594882729211087
XGBoost (structured),0.25611838360842343,0.9594882729211087
XGBoost (structured),0.25626423690205014,0.9594882729211087
XGBoost (structured),0.2564102564102564,0.9594882729211087
XGBoost (structured),0.25655644241733183,0.9594882729211087
XGBoost (structured),0.2567027952082145,0.9594882729211087
XGBoost (structured),0.2568493150684932,0.9594882729211087
XGBoost (structured),0.2569960022844089,0.9594882729211087
XGBoost (structured),0.25728987993138935,0.9594882729211087
XGBoost (structured),0.2574370709382151,0.9594882729211087
XGBoost (structured),0.2575844304522038,0.9594882729211087
XGBoost (structured),0.25773195876288657,0.9594882729211087
XGBoost (structured),0.25787965616045844,0.9594882729211087
XGBoost (structured),0.2580275229357798,0.9594882729211087
XGBoost (structured),0.25817555938037867,0.9594882729211087
XGBoost (structured),0.2584721424468696,0.9594882729211087
XGBoost (structured),0.25804597701149423,0.9573560767590619
XGBoost (structured),0.2581943645773433,0.9573560767590619
XGBoost (structured),0.2583429228998849,0.9573560767590619
XGBoost (structured),0.2584916522740357,0.9573560767590619
XGBoost (structured),0.2586405529953917,0.9573560767590619
XGBoost (structured),0.25878962536023054,0.9573560767590619
XGBoost (structured),0.25893886966551327,0.9573560767590619
XGBoost (structured),0.2590882862088863,0.9573560767590619
XGBoost (structured),0.2592378752886836,0.9573560767590619
XGBoost (structured),0.2593876372039284,0.9573560767590619
XGBoost (structured),0.25953757225433527,0.9573560767590619
XGBoost (structured),0.25968768074031234,0.9573560767590619
XGBoost (structured),0.25983796296296297,0.9573560767590619
XGBoost (structured),0.2594093804284887,0.9552238805970149
XGBoost (structured),0.25955967555040554,0.9552238805970149
XGBoost (structured),0.25971014492753625,0.9552238805970149
XGBoost (structured),0.25986078886310904,0.9552238805970149
XGBoost (structured),0.2600116076610563,0.9552238805970149
XGBoost (structured),0.2601626016260163,0.9552238805970149
XGBoost (structured),0.26031377106333525,0.9552238805970149
XGBoost (structured),0.26046511627906976,0.9552238805970149
XGBoost (structured),0.2606166375799884,0.9552238805970149
XGBoost (structured),0.2607683352735739,0.9552238805970149
XGBoost (structured),0.26092020966802565,0.9552238805970149
XGBoost (structured),0.26107226107226106,0.9552238805970149
XGBoost (structured),0.2613768961493582,0.9552238805970149
XGBoost (structured),0.2615294804436661,0.9552238805970149
XGBoost (structured),0.2616822429906542,0.9552238805970149
XGBoost (structured),0.2618351841028638,0.9552238805970149
XGBoost (structured),0.2614035087719298,0.9530916844349681
XGBoost (structured),0.26155646576945585,0.9530916844349681
XGBoost (structured),0.2617096018735363,0.9530916844349681
XGBoost (structured),0.2618629173989455,0.9530916844349681
XGBoost (structured),0.2620164126611958,0.9530916844349681
XGBoost (structured),0.26217008797653957,0.9530916844349681
XGBoost (structured),0.2623239436619718,0.9530916844349681
XGBoost (structured),0.26247798003523193,0.9530916844349681
XGBoost (structured),0.2626321974148061,0.9530916844349681
XGBoost (structured),0.2621987066431511,0.9509594882729211
XGBoost (structured),0.26235294117647057,0.9509594882729211
XGBoost (structured),0.2626619552414605,0.9509594882729211
XGBoost (structured),0.262816735415439,0.9509594882729211
XGBoost (structured),0.26297169811320753,0.9509594882729211
XGBoost (structured),0.26312684365781713,0.9509594882729211
XGBoost (structured),0.2632821723730815,0.9509594882729211
XGBoost (structured),0.2635933806146572,0.9509594882729211
XGBoost (structured),0.2637492607924305,0.9509594882729211
XGBoost (structured),0.263905325443787,0.9509594882729211
XGBoost (structured),0.26421800947867297,0.9509594882729211
XGBoost (structured),0.26437462951985774,0.9509594882729211
XGBoost (structured),0.26453143534994067,0.9509594882729211
XGBoost (structured),0.26468842729970327,0.9509594882729211
XGBoost (structured),0.2650029708853238,0.9509594882729211
XGBoost (structured),0.26516052318668254,0.9509594882729211
XGBoost (structured),0.26531826293872696,0.9509594882729211
XGBoost (structured),0.2654761904761905,0.9509594882729211
XGBoost (structured),0.2656343061346039,0.9509594882729211
XGBoost (structured),0.265792610250298,0.9509594882729211
XGBoost (structured),0.2659511031604055,0.9509594882729211
XGBoost (structured),0.26610978520286394,0.9509594882729211
XGBoost (structured),0.2662686567164179,0.9509594882729211
XGBoost (structured),0.26642771804062126,0.9509594882729211
XGBoost (structured),0.2665869695158398,0.9509594882729211
XGBoost (structured),0.26674641148325356,0.9509594882729211
XGBoost (structured),0.26690604428485937,0.9509594882729211
XGBoost (structured),0.26706586826347306,0.9509594882729211
XGBoost (structured),0.26722588376273215,0.9509594882729211
XGBoost (structured),0.2673860911270983,0.9509594882729211
XGBoost (structured),0.26754649070185965,0.9509594882729211
XGBoost (structured),0.26770708283313327,0.9509594882729211
XGBoost (structured),0.26786786786786787,0.9509594882729211
XGBoost (structured),0.26802884615384615,0.9509594882729211
XGBoost (structured),0.26819001803968734,0.9509594882729211
XGBoost (structured),0.2683513838748496,0.9509594882729211
XGBoost (structured),0.26851294400963277,0.9509594882729211
XGBoost (structured),0.26867469879518074,0.9509594882729211
XGBoost (structured),0.26883664858348405,0.9509594882729211
XGBoost (structured),0.2689987937273824,0.9509594882729211
XGBoost (structured),0.2685576342788171,0.9488272921108742
XGBoost (structured),0.26871980676328505,0.9488272921108742
XGBoost (structured),0.26904474002418377,0.9488272921108742
XGBoost (structured),0.2692075015124017,0.9488272921108742
XGBoost (structured),0.26937046004842613,0.9488272921108742
XGBoost (structured),0.26892792247122954,0.9466950959488273
XGBoost (structured),0.2690909090909091,0.9466950959488273
XGBoost (structured),0.2692540933899333,0.9466950959488273
XGBoost (structured),0.26941747572815533,0.9466950959488273
XGBoost (structured),0.26958105646630237,0.9466950959488273
XGBoost (structured),0.26974483596597815,0.9466950959488273
XGBoost (structured),0.26990881458966565,0.9466950959488273
XGBoost (structured),0.27007299270072993,0.9466950959488273
XGBoost (structured),0.2702373706634206,0.9466950959488273
XGBoost (structured),0.27040194884287455,0.9466950959488273
XGBoost (structured),0.27056672760511885,0.9466950959488273
XGBoost (structured),0.2707317073170732,0.9466950959488273
XGBoost (structured),0.2708968883465528,0.9466950959488273
XGBoost (structured),0.27045177045177043,0.9445628997867804
XGBoost (structured),0.2706169822846671,0.9445628997867804
XGBoost (structured),0.2701711491442543,0.9424307036247335
XGBoost (structured),0.27033639143730887,0.9424307036247335
XGBoost (structured),0.27050183598531213,0.9424307036247335
XGBoost (structured),0.2700551132884262,0.9402985074626866
XGBoost (structured),0.2696078431372549,0.9381663113006397
XGBoost (structured),0.269773145309626,0.9381663113006397
XGBoost (structured),0.26993865030674846,0.9381663113006397
XGBoost (structured),0.27010435850214853,0.9381663113006397
XGBoost (structured),0.2702702702702703,0.9381663113006397
XGBoost (structured),0.2704363859864782,0.9381663113006397
XGBoost (structured),0.27060270602706027,0.9381663113006397
XGBoost (structured),0.27015384615384613,0.9360341151385928
XGBoost (structured),0.27032019704433496,0.9360341151385928
XGBoost (structured),0.270486752926679,0.9360341151385928
XGBoost (structured),0.27065351418002465,0.9360341151385928
XGBoost (structured),0.27082048118445406,0.9360341151385928
XGBoost (structured),0.27098765432098765,0.9360341151385928
XGBoost (structured),0.2711550339715874,0.9360341151385928
XGBoost (structured),0.27132262051915945,0.9360341151385928
XGBoost (structured),0.2714904143475572,0.9360341151385928
XGBoost (structured),0.2716584158415842,0.9360341151385928
XGBoost (structured),0.2718266253869969,0.9360341151385928
XGBoost (structured),0.27199504337050806,0.9360341151385928
XGBoost (structured),0.2721636701797892,0.9360341151385928
XGBoost (structured),0.27233250620347393,0.9360341151385928
XGBoost (structured),0.2718808193668529,0.9339019189765458
XGBoost (structured),0.2720496894409938,0.9339019189765458
XGBoost (structured),0.27238805970149255,0.9339019189765458
XGBoost (structured),0.2725575606720597,0.9339019189765458
XGBoost (structured),0.2727272727272727,0.9339019189765458
XGBoost (structured),0.27289719626168224,0.9339019189765458
XGBoost (structured),0.2730673316708229,0.9339019189765458
XGBoost (structured),0.27323767935121646,0.9339019189765458
XGBoost (structured),0.27340823970037453,0.9339019189765458
XGBoost (structured),0.273579013116802,0.9339019189765458
XGBoost (structured),0.27375,0.9339019189765458
XGBoost (structured),0.27392120075046905,0.9339019189765458
XGBoost (structured),0.27409261576971217,0.9339019189765458
XGBoost (structured),0.2742642454602379,0.9339019189765458
XGBoost (structured),0.2744360902255639,0.9339019189765458
XGBoost (structured),0.2746081504702194,0.9339019189765458
XGBoost (structured),0.27478042659974905,0.9339019189765458
XGBoost (structured),0.2749529190207156,0.9339019189765458
XGBoost (structured),0.2751256281407035,0.9339019189765458
XGBoost (structured),0.2752985543683218,0.9339019189765458
XGBoost (structured),0.27547169811320754,0.9339019189765458
XGBoost (structured),0.27564505978602893,0.9339019189765458
XGBoost (structured),0.27581863979848864,0.9339019189765458
XGBoost (structured),0.27599243856332706,0.9339019189765458
XGBoost (structured),0.27616645649432536,0.9339019189765458
XGBoost (structured),0.2757097791798107,0.9317697228144989
XGBoost (structured),0.27525252525252525,0.929637526652452
XGBoost (structured),0.27542640555906506,0.929637526652452
XGBoost (structured),0.27560050568900124,0.929637526652452
XGBoost (structured),0.2759493670886076,0.929637526652452
XGBoost (structured),0.27612412919569346,0.929637526652452
XGBoost (structured),0.27629911280101394,0.929637526652452
XGBoost (structured),0.27647431832593533,0.929637526652452
XGBoost (structured),0.2766497461928934,0.929637526652452
XGBoost (structured),0.2768253968253968,0.929637526652452
XGBoost (structured),0.27636594663278274,0.9275053304904051
XGBoost (structured),0.2765416401780038,0.9275053304904051
XGBoost (structured),0.2767175572519084,0.9275053304904051
XGBoost (structured),0.27689369828134947,0.9275053304904051
XGBoost (structured),0.2770700636942675,0.9275053304904051
XGBoost (structured),0.27724665391969405,0.9275053304904051
XGBoost (structured),0.2774234693877551,0.9275053304904051
XGBoost (structured),0.27760051052967455,0.9275053304904051
XGBoost (structured),0.2777777777777778,0.9275053304904051
XGBoost (structured),0.2779552715654952,0.9275053304904051
XGBoost (structured),0.2781329923273657,0.9275053304904051
XGBoost (structured),0.2783109404990403,0.9275053304904051
XGBoost (structured),0.27848911651728553,0.9275053304904051
XGBoost (structured),0.27802690582959644,0.9253731343283582
XGBoost (structured),0.2782051282051282,0.9253731343283582
XGBoost (structured),0.2777421423989737,0.9232409381663113
XGBoost (structured),0.2772785622593068,0.9211087420042644
XGBoost (structured),0.2774566473988439,0.9211087420042644
XGBoost (structured),0.2776349614395887,0.9211087420042644
XGBoost (structured),0.27781350482315115,0.9211087420042644
XGBoost (structured),0.277992277992278,0.9211087420042644
XGBoost (structured),0.2781712813908564,0.9211087420042644
XGBoost (structured),0.27835051546391754,0.9211087420042644
XGBoost (structured),0.27852998065764023,0.9211087420042644
XGBoost (structured),0.2787096774193548,0.9211087420042644
XGBoost (structured),0.2788896061975468,0.9211087420042644
XGBoost (structured),0.27906976744186046,0.9211087420042644
XGBoost (structured),0.2792501616031028,0.9211087420042644
XGBoost (structured),0.2794307891332471,0.9211087420042644
XGBoost (structured),0.2796116504854369,0.9211087420042644
XGBoost (structured),0.27979274611398963,0.9211087420042644
XGBoost (structured),0.27997407647440054,0.9211087420042644
XGBoost (structured),0.2801556420233463,0.9211087420042644
XGBoost (structured),0.28033744321868914,0.9211087420042644
XGBoost (structured),0.2805194805194805,0.9211087420042644
XGBoost (structured),0.2807017543859649,0.9211087420042644
XGBoost (structured),0.2808842652795839,0.9211087420042644
XGBoost (structured),0.2810670136629798,0.9211087420042644
XGBoost (structured),0.2805989583333333,0.9189765458422174
XGBoost (structured),0.2807817589576547,0.9189765458422174
XGBoost (structured),0.28096479791395046,0.9189765458422174
XGBoost (structured),0.2804957599478147,0.9168443496801706
XGBoost (structured),0.28067885117493474,0.9168443496801706
XGBoost (structured),0.2808621815806662,0.9168443496801706
XGBoost (structured),0.28104575163398693,0.9168443496801706
XGBoost (structured),0.2812295618051014,0.9168443496801706
XGBoost (structured),0.281413612565445,0.9168443496801706
XGBoost (structured),0.28094302554027506,0.9147121535181236
XGBoost (structured),0.281127129750983,0.9147121535181236
XGBoost (structured),0.2813114754098361,0.9147121535181236
XGBoost (structured),0.281496062992126,0.9147121535181236
XGBoost (structured),0.28168089297439264,0.9147121535181236
XGBoost (structured),0.2818659658344284,0.9147121535181236
XGBoost (structured),0.28139381985535833,0.9125799573560768
XGBoost (structured),0.28157894736842104,0.9125799573560768
XGBoost (structured),0.2817643186306781,0.9125799573560768
XGBoost (structured),0.28194993412384717,0.9125799573560768
XGBoost (structured),0.2821357943309163,0.9125799573560768
XGBoost (structured),0.2816622691292876,0.9104477611940298
XGBoost (structured),0.2811881188118812,0.908315565031983
XGBoost (structured),0.2813738441215324,0.908315565031983
XGBoost (structured),0.28155981493721083,0.908315565031983
XGBoost (structured),0.28174603174603174,0.908315565031983
XGBoost (structured),0.2812706816677697,0.906183368869936
XGBoost (structured),0.2814569536423841,0.906183368869936
XGBoost (structured),0.28164347249834326,0.906183368869936
XGBoost (structured),0.28183023872679047,0.906183368869936
XGBoost (structured),0.28201725282017254,0.906183368869936
XGBoost (structured),0.28257978723404253,0.906183368869936
XGBoost (structured),0.2827677977378576,0.906183368869936
XGBoost (structured),0.2829560585885486,0.906183368869936
XGBoost (structured),0.28314457028647566,0.906183368869936
XGBoost (structured),0.2826666666666667,0.9040511727078892
XGBoost (structured),0.28218812541694466,0.9019189765458422
XGBoost (structured),0.2823765020026702,0.9019189765458422
XGBoost (structured),0.28256513026052105,0.9019189765458422
XGBoost (structured),0.2820855614973262,0.8997867803837953
XGBoost (structured),0.2822742474916388,0.8997867803837953
XGBoost (structured),0.2824631860776439,0.8997867803837953
XGBoost (structured),0.2826523777628935,0.8997867803837953
XGBoost (structured),0.2828418230563003,0.8997867803837953
XGBoost (structured),0.28303152246814217,0.8997867803837953
XGBoost (structured),0.2832214765100671,0.8997867803837953
XGBoost (structured),0.2834116856950974,0.8997867803837953
XGBoost (structured),0.28360215053763443,0.8997867803837953
XGBoost (structured),0.28379287155346333,0.8997867803837953
XGBoost (structured),0.2839838492597577,0.8997867803837953
XGBoost (structured),0.2841750841750842,0.8997867803837953
XGBoost (structured),0.284366576819407,0.8997867803837953
XGBoost (structured),0.28388401888064735,0.8976545842217484
XGBoost (structured),0.28426738690074277,0.8976545842217484
XGBoost (structured),0.28445945945945944,0.8976545842217484
XGBoost (structured),0.2846517917511832,0.8976545842217484
XGBoost (structured),0.2848443843031123,0.8976545842217484
XGBoost (structured),0.28503723764387273,0.8976545842217484
XGBoost (structured),0.2845528455284553,0.8955223880597015
XGBoost (structured),0.2840677966101695,0.8933901918976546
XGBoost (structured),0.28426051560379917,0.8933901918976546
XGBoost (structured),0.28445349626612354,0.8933901918976546
XGBoost (structured),0.28464673913043476,0.8933901918976546
XGBoost (structured),0.2848402447314752,0.8933901918976546
XGBoost (structured),0.28503401360544217,0.8933901918976546
XGBoost (structured),0.2854223433242507,0.8933901918976546
XGBoost (structured),0.28561690524880706,0.8933901918976546
XGBoost (structured),0.2858117326057299,0.8933901918976546
XGBoost (structured),0.28532423208191127,0.8912579957356077
XGBoost (structured),0.2848360655737705,0.8891257995735607
XGBoost (structured),0.28503075871496925,0.8891257995735607
XGBoost (structured),0.28522571819425446,0.8891257995735607
XGBoost (structured),0.28542094455852157,0.8891257995735607
XGBoost (structured),0.2856164383561644,0.8891257995735607
XGBoost (structured),0.2858122001370802,0.8891257995735607
XGBoost (structured),0.28600823045267487,0.8891257995735607
XGBoost (structured),0.2862045298558682,0.8891257995735607
XGBoost (structured),0.2864010989010989,0.8891257995735607
XGBoost (structured),0.2865979381443299,0.8891257995735607
XGBoost (structured),0.2867950481430536,0.8891257995735607
XGBoost (structured),0.2869924294562973,0.8891257995735607
XGBoost (structured),0.2871900826446281,0.8891257995735607
XGBoost (structured),0.28738800827015853,0.8891257995735607
XGBoost (structured),0.2868965517241379,0.8869936034115139
XGBoost (structured),0.2864044168391994,0.8848614072494669
XGBoost (structured),0.2866022099447514,0.8848614072494669
XGBoost (structured),0.28680027643400136,0.8848614072494669
XGBoost (structured),0.2869986168741355,0.8848614072494669
XGBoost (structured),0.28719723183391005,0.8848614072494669
XGBoost (structured),0.2873961218836565,0.8848614072494669
XGBoost (structured),0.2869022869022869,0.8827292110874201
XGBoost (structured),0.28640776699029125,0.8805970149253731
XGBoost (structured),0.2866065232477446,0.8805970149253731
XGBoost (structured),0.28680555555555554,0.8805970149253731
XGBoost (structured),0.2863099374565671,0.8784648187633263
XGBoost (structured),0.28670842032011135,0.8784648187633263
XGBoost (structured),0.28690807799442897,0.8784648187633263
XGBoost (structured),0.28710801393728225,0.8784648187633263
XGBoost (structured),0.28730822873082285,0.8784648187633263
XGBoost (structured),0.2875087229588276,0.8784648187633263
XGBoost (structured),0.2877094972067039,0.8784648187633263
XGBoost (structured),0.28791055206149546,0.8784648187633263
XGBoost (structured),0.2874125874125874,0.8763326226012793
XGBoost (structured),0.28761371588523443,0.8763326226012793
XGBoost (structured),0.28781512605042014,0.8763326226012793
XGBoost (structured),0.28751753155680226,0.8742004264392325
XGBoost (structured),0.28771929824561404,0.8742004264392325
XGBoost (structured),0.28792134831460675,0.8742004264392325
XGBoost (structured),0.2883263009845288,0.8742004264392325
XGBoost (structured),0.2885292047853624,0.8742004264392325
XGBoost (structured),0.2887323943661972,0.8742004264392325
XGBoost (structured),0.28893587033121915,0.8742004264392325
XGBoost (structured),0.28913963328631875,0.8742004264392325
XGBoost (structured),0.2886379675370501,0.8720682302771855
XGBoost (structured),0.2888418079096045,0.8720682302771855
XGBoost (structured),0.2890459363957597,0.8720682302771855
XGBoost (structured),0.2894550601556971,0.8720682302771855
XGBoost (structured),0.2896600566572238,0.8720682302771855
XGBoost (structured),0.2898653437278526,0.8720682302771855
XGBoost (structured),0.2900709219858156,0.8720682302771855
XGBoost (structured),0.2895670688431512,0.8699360341151386
XGBoost (structured),0.2890625,0.8678038379530917
XGBoost (structured),0.2892679459843639,0.8678038379530917
XGBoost (structured),0.2894736842105263,0.8678038379530917
XGBoost (structured),0.2896797153024911,0.8678038379530917
XGBoost (structured),0.2898860398860399,0.8678038379530917
XGBoost (structured),0.2900926585887384,0.8678038379530917
XGBoost (structured),0.289586305278174,0.8656716417910447
XGBoost (structured),0.2897930049964311,0.8656716417910447
XGBoost (structured),0.2892857142857143,0.8635394456289979
XGBoost (structured),0.2894924946390279,0.8635394456289979
XGBoost (structured),0.28969957081545067,0.8635394456289979
XGBoost (structured),0.28990694345025053,0.8635394456289979
XGBoost (structured),0.28939828080229224,0.8614072494669509
XGBoost (structured),0.2896057347670251,0.8614072494669509
XGBoost (structured),0.2898134863701578,0.8614072494669509
XGBoost (structured),0.29002153625269206,0.8614072494669509
XGBoost (structured),0.29013678905687545,0.8592750533049041
XGBoost (structured),0.2903458213256484,0.8592750533049041
XGBoost (structured),0.2905551550108147,0.8592750533049041
XGBoost (structured),0.2907647907647908,0.8592750533049041
XGBoost (structured),0.2909747292418773,0.8592750533049041
XGBoost (structured),0.2911849710982659,0.8592750533049041
XGBoost (structured),0.2913955169920463,0.8592750533049041
XGBoost (structured),0.29160636758321273,0.8592750533049041
XGBoost (structured),0.2922407541696882,0.8592750533049041
XGBoost (structured),0.29245283018867924,0.8592750533049041
XGBoost (structured),0.2926652142338417,0.8592750533049041
XGBoost (structured),0.2928779069767442,0.8592750533049041
XGBoost (structured),0.29309090909090907,0.8592750533049041
XGBoost (structured),0.2925764192139738,0.8571428571428571
XGBoost (structured),0.2920611798980335,0.8550106609808102
XGBoost (structured),0.2922740524781341,0.8550106609808102
XGBoost (structured),0.2924872355944566,0.8550106609808102
XGBoost (structured),0.291970802919708,0.8528784648187633
XGBoost (structured),0.2921840759678597,0.8528784648187633
XGBoost (structured),0.29239766081871343,0.8528784648187633
XGBoost (structured),0.29261155815654716,0.8528784648187633
XGBoost (structured),0.29282576866764276,0.8528784648187633
XGBoost (structured),0.29304029304029305,0.8528784648187633
XGBoost (structured),0.2932551319648094,0.8528784648187633
XGBoost (structured),0.293470286133529,0.8528784648187633
XGBoost (structured),0.2936857562408223,0.8528784648187633
XGBoost (structured),0.29390154298310067,0.8528784648187633
XGBoost (structured),0.29411764705882354,0.8528784648187633
XGBoost (structured),0.293598233995585,0.8507462686567164
XGBoost (structured),0.29381443298969073,0.8507462686567164
XGBoost (structured),0.29403095062638174,0.8507462686567164
XGBoost (structured),0.2942477876106195,0.8507462686567164
XGBoost (structured),0.2944649446494465,0.8507462686567164
XGBoost (structured),0.29394387001477107,0.8486140724946695
XGBoost (structured),0.29416112342941614,0.8486140724946695
XGBoost (structured),0.2943786982248521,0.8486140724946695
XGBoost (structured),0.29459659511472985,0.8486140724946695
XGBoost (structured),0.2948148148148148,0.8486140724946695
XGBoost (structured),0.29429206819866566,0.8464818763326226
XGBoost (structured),0.29451038575667654,0.8464818763326226
XGBoost (structured),0.2947290274684484,0.8464818763326226
XGBoost (structured),0.29516728624535316,0.8464818763326226
XGBoost (structured),0.29538690476190477,0.8464818763326226
XGBoost (structured),0.2956068503350707,0.8464818763326226
XGBoost (structured),0.29582712369597614,0.8464818763326226
XGBoost (structured),0.2960477255779269,0.8464818763326226
XGBoost (structured),0.2962686567164179,0.8464818763326226
XGBoost (structured),0.29648991784914114,0.8464818763326226
XGBoost (structured),0.296711509715994,0.8464818763326226
XGBoost (structured),0.29693343305908754,0.8464818763326226
XGBoost (structured),0.2971556886227545,0.8464818763326226
XGBoost (structured),0.2973782771535581,0.8464818763326226
XGBoost (structured),0.29760119940029983,0.8464818763326226
XGBoost (structured),0.2978244561140285,0.8464818763326226
XGBoost (structured),0.2972972972972973,0.8443496801705757
XGBoost (structured),0.2975206611570248,0.8443496801705757
XGBoost (structured),0.29774436090225564,0.8443496801705757
XGBoost (structured),0.2979683972911964,0.8443496801705757
XGBoost (structured),0.2984174830444612,0.8443496801705757
XGBoost (structured),0.2986425339366516,0.8443496801705757
XGBoost (structured),0.2988679245283019,0.8443496801705757
XGBoost (structured),0.2990936555891239,0.8443496801705757
XGBoost (structured),0.29931972789115646,0.8443496801705757
XGBoost (structured),0.29954614220877457,0.8443496801705757
XGBoost (structured),0.29901589704769116,0.8422174840085288
XGBoost (structured),0.29924242424242425,0.8422174840085288
XGBoost (structured),0.29946929492039426,0.8422174840085288
XGBoost (structured),0.29969650986342944,0.8422174840085288
XGBoost (structured),0.2999240698557327,0.8422174840085288
XGBoost (structured),0.30015197568389057,0.8422174840085288
XGBoost (structured),0.30038022813688214,0.8422174840085288
XGBoost (structured),0.3006088280060883,0.8422174840085288
XGBoost (structured),0.3008377760853008,0.8422174840085288
XGBoost (structured),0.3010670731707317,0.8422174840085288
XGBoost (structured),0.3012967200610221,0.8422174840085288
XGBoost (structured),0.3015267175572519,0.8422174840085288
XGBoost (structured),0.3017570664629488,0.8422174840085288
XGBoost (structured),0.3012232415902141,0.8400852878464818
XGBoost (structured),0.30145371078806427,0.8400852878464818
XGBoost (structured),0.3016845329249617,0.8400852878464818
XGBoost (structured),0.30191570881226054,0.8400852878464818
XGBoost (structured),0.30214723926380366,0.8400852878464818
XGBoost (structured),0.30237912509593246,0.8400852878464818
XGBoost (structured),0.30261136712749614,0.8400852878464818
XGBoost (structured),0.30207532667179093,0.837953091684435
XGBoost (structured),0.30230769230769233,0.837953091684435
XGBoost (structured),0.302540415704388,0.837953091684435
XGBoost (structured),0.30277349768875195,0.837953091684435
XGBoost (structured),0.30300693909020815,0.837953091684435
XGBoost (structured),0.30324074074074076,0.837953091684435
XGBoost (structured),0.30370942812983,0.837953091684435
XGBoost (structured),0.3031709203402939,0.835820895522388
XGBoost (structured),0.30340557275541796,0.835820895522388
XGBoost (structured),0.30364058869093724,0.835820895522388
XGBoost (structured),0.30387596899224806,0.835820895522388
XGBoost (structured),0.30411171450737007,0.835820895522388
XGBoost (structured),0.30434782608695654,0.835820895522388
XGBoost (structured),0.3045843045843046,0.835820895522388
XGBoost (structured),0.3050583657587549,0.835820895522388
XGBoost (structured),0.3052959501557632,0.835820895522388
XGBoost (structured),0.3055339049103663,0.835820895522388
XGBoost (structured),0.30577223088923555,0.835820895522388
XGBoost (structured),0.30601092896174864,0.835820895522388
XGBoost (structured),0.30625,0.835820895522388
XGBoost (structured),0.3064894448788116,0.835820895522388
XGBoost (structured),0.30672926447574334,0.835820895522388
XGBoost (structured),0.3069694596711042,0.835820895522388
XGBoost (structured),0.30666666666666664,0.8336886993603412
XGBoost (structured),0.3069073783359498,0.8336886993603412
XGBoost (structured),0.3071484681853888,0.8336886993603412
XGBoost (structured),0.30738993710691825,0.8336886993603412
XGBoost (structured),0.30787401574803147,0.8336886993603412
XGBoost (structured),0.30811662726556344,0.8336886993603412
XGBoost (structured),0.3083596214511041,0.8336886993603412
XGBoost (structured),0.30860299921073403,0.8336886993603412
XGBoost (structured),0.3090909090909091,0.8336886993603412
XGBoost (structured),0.30933544303797467,0.8336886993603412
XGBoost (structured),0.3095803642121932,0.8336886993603412
XGBoost (structured),0.3098256735340729,0.8336886993603412
XGBoost (structured),0.31007137192704204,0.8336886993603412
XGBoost (structured),0.3103174603174603,0.8336886993603412
XGBoost (structured),0.31056393963463064,0.8336886993603412
XGBoost (structured),0.31105807478122516,0.8336886993603412
XGBoost (structured),0.3105095541401274,0.8315565031982942
XGBoost (structured),0.3107569721115538,0.8315565031982942
XGBoost (structured),0.31100478468899523,0.8315565031982942
XGBoost (structured),0.3112529928172386,0.8315565031982942
XGBoost (structured),0.31150159744408945,0.8315565031982942
XGBoost (structured),0.3117505995203837,0.8315565031982942
XGBoost (structured),0.312,0.8315565031982942
XGBoost (structured),0.3122497998398719,0.8315565031982942
XGBoost (structured),0.3125,0.8315565031982942
XGBoost (structured),0.31275060144346434,0.8315565031982942
XGBoost (structured),0.3130016051364366,0.8315565031982942
XGBoost (structured),0.3132530120481928,0.8315565031982942
XGBoost (structured),0.3135048231511254,0.8315565031982942
XGBoost (structured),0.3137570394207562,0.8315565031982942
XGBoost (structured),0.3140096618357488,0.8315565031982942
XGBoost (structured),0.314262691377921,0.8315565031982942
XGBoost (structured),0.31370967741935485,0.8294243070362474
XGBoost (structured),0.3139628732849072,0.8294243070362474
XGBoost (structured),0.31421647819063003,0.8294243070362474
XGBoost (structured),0.3144704931285368,0.8294243070362474
XGBoost (structured),0.31472491909385114,0.8294243070362474
XGBoost (structured),0.31497975708502024,0.8294243070362474
XGBoost (structured),0.31523500810372773,0.8294243070362474
XGBoost (structured),0.31549067315490675,0.8294243070362474
XGBoost (structured),0.3157467532467532,0.8294243070362474
XGBoost (structured),0.3154034229828851,0.8251599147121536
XGBoost (structured),0.3161764705882353,0.8251599147121536
XGBoost (structured),0.31643499591169255,0.8251599147121536
XGBoost (structured),0.31669394435351883,0.8251599147121536
XGBoost (structured),0.31695331695331697,0.8251599147121536
XGBoost (structured),0.3163934426229508,0.8230277185501066
XGBoost (structured),0.3166529942575882,0.8230277185501066
XGBoost (structured),0.3169129720853859,0.8230277185501066
XGBoost (structured),0.31743421052631576,0.8230277185501066
XGBoost (structured),0.3176954732510288,0.8230277185501066
XGBoost (structured),0.31795716639209226,0.8230277185501066
XGBoost (structured),0.31821929101401486,0.8230277185501066
XGBoost (structured),0.3184818481848185,0.8230277185501066
XGBoost (structured),0.3179190751445087,0.8208955223880597
XGBoost (structured),0.31735537190082647,0.8187633262260128
XGBoost (structured),0.31679073614557485,0.8166311300639659
XGBoost (structured),0.3170529801324503,0.8166311300639659
XGBoost (structured),0.31731565865782935,0.8166311300639659
XGBoost (structured),0.31784232365145226,0.8166311300639659
XGBoost (structured),0.3181063122923588,0.8166311300639659
XGBoost (structured),0.3183707398171239,0.8166311300639659
XGBoost (structured),0.31863560732113144,0.8166311300639659
XGBoost (structured),0.3189009159034138,0.8166311300639659
XGBoost (structured),0.31916666666666665,0.8166311300639659
XGBoost (structured),0.31969949916527546,0.8166311300639659
XGBoost (structured),0.31996658312447784,0.8166311300639659
XGBoost (structured),0.3202341137123746,0.8166311300639659
XGBoost (structured),0.3205020920502092,0.8166311300639659
XGBoost (structured),0.32077051926298156,0.8166311300639659
XGBoost (structured),0.32103939647946356,0.8166311300639659
XGBoost (structured),0.3213087248322148,0.8166311300639659
XGBoost (structured),0.32157850545759864,0.8166311300639659
XGBoost (structured),0.32184873949579834,0.8166311300639659
XGBoost (structured),0.32211942809083266,0.8166311300639659
XGBoost (structured),0.3218197135636057,0.814498933901919
XGBoost (structured),0.321247892074199,0.8123667377398721
XGBoost (structured),0.32151898734177214,0.8123667377398721
XGBoost (structured),0.3217905405405405,0.8123667377398721
XGBoost (structured),0.3220625528317836,0.8123667377398721
XGBoost (structured),0.3223350253807107,0.8123667377398721
XGBoost (structured),0.32260795935647757,0.8123667377398721
XGBoost (structured),0.3228813559322034,0.8123667377398721
XGBoost (structured),0.3231552162849873,0.8123667377398721
XGBoost (structured),0.3234295415959253,0.8123667377398721
XGBoost (structured),0.32370433305012747,0.8123667377398721
XGBoost (structured),0.3239795918367347,0.8123667377398721
XGBoost (structured),0.3242553191489362,0.8123667377398721
XGBoost (structured),0.32367972742759793,0.8102345415778252
XGBoost (structured),0.3242320819112628,0.8102345415778252
XGBoost (structured),0.32450896669513235,0.8102345415778252
XGBoost (structured),0.32506415739948674,0.8102345415778252
XGBoost (structured),0.3253424657534247,0.8102345415778252
XGBoost (structured),0.3259005145797599,0.8102345415778252
XGBoost (structured),0.32646048109965636,0.8102345415778252
XGBoost (structured),0.32674118658641443,0.8102345415778252
XGBoost (structured),0.3270223752151463,0.8102345415778252
XGBoost (structured),0.3273040482342808,0.8102345415778252
XGBoost (structured),0.3275862068965517,0.8102345415778252
XGBoost (structured),0.3281519861830743,0.8102345415778252
XGBoost (structured),0.329004329004329,0.8102345415778252
XGBoost (structured),0.3292894280762565,0.8102345415778252
XGBoost (structured),0.3295750216825672,0.8102345415778252
XGBoost (structured),0.3289930555555556,0.8081023454157783
XGBoost (structured),0.32927888792354476,0.8081023454157783
XGBoost (structured),0.32956521739130434,0.8081023454157783
XGBoost (structured),0.329852045256745,0.8081023454157783
XGBoost (structured),0.33013937282229966,0.8081023454157783
XGBoost (structured),0.3304272013949433,0.8081023454157783
XGBoost (structured),0.3307155322862129,0.8081023454157783
XGBoost (structured),0.33013100436681225,0.8059701492537313
XGBoost (structured),0.32954545454545453,0.8038379530916845
XGBoost (structured),0.32983377077865267,0.8038379530916845
XGBoost (structured),0.330122591943958,0.8038379530916845
XGBoost (structured),0.33041191936897457,0.8038379530916845
XGBoost (structured),0.3307017543859649,0.8038379530916845
XGBoost (structured),0.33099209833187004,0.8038379530916845
XGBoost (structured),0.3312829525483304,0.8038379530916845
XGBoost (structured),0.33157431838170626,0.8038379530916845
XGBoost (structured),0.33098591549295775,0.8017057569296375
XGBoost (structured),0.3312775330396476,0.8017057569296375
XGBoost (structured),0.3315696649029982,0.8017057569296375
XGBoost (structured),0.3318623124448367,0.8017057569296375
XGBoost (structured),0.3336291038154392,0.8017057569296375
XGBoost (structured),0.3339253996447602,0.8017057569296375
XGBoost (structured),0.3342222222222222,0.8017057569296375
XGBoost (structured),0.33451957295373663,0.8017057569296375
XGBoost (structured),0.333926981300089,0.7995735607675906
XGBoost (structured),0.3342245989304813,0.7995735607675906
XGBoost (structured),0.3345227475468332,0.7995735607675906
XGBoost (structured),0.33482142857142855,0.7995735607675906
XGBoost (structured),0.3351206434316354,0.7995735607675906
XGBoost (structured),0.3354203935599284,0.7995735607675906
XGBoost (structured),0.3348254252461952,0.7974413646055437
XGBoost (structured),0.3342293906810036,0.7953091684434968
XGBoost (structured),0.3345291479820628,0.7953091684434968
XGBoost (structured),0.3348294434470377,0.7953091684434968
XGBoost (structured),0.33513027852650495,0.7953091684434968
XGBoost (structured),0.335431654676259,0.7953091684434968
XGBoost (structured),0.3357335733573357,0.7953091684434968
XGBoost (structured),0.33603603603603605,0.7953091684434968
XGBoost (structured),0.3363390441839495,0.7953091684434968
XGBoost (structured),0.33664259927797835,0.7953091684434968
XGBoost (structured),0.3369467028003613,0.7953091684434968
XGBoost (structured),0.33634719710669075,0.7931769722814499
XGBoost (structured),0.33665158371040727,0.7931769722814499
XGBoost (structured),0.33695652173913043,0.7931769722814499
XGBoost (structured),0.3372620126926564,0.7931769722814499
XGBoost (structured),0.33756805807622503,0.7931769722814499
XGBoost (structured),0.3381818181818182,0.7931769722814499
XGBoost (structured),0.33848953594176523,0.7931769722814499
XGBoost (structured),0.33879781420765026,0.7931769722814499
XGBoost (structured),0.3391066545123063,0.7931769722814499
XGBoost (structured),0.33941605839416056,0.7931769722814499
XGBoost (structured),0.33881278538812787,0.7910447761194029
XGBoost (structured),0.3391224862888483,0.7910447761194029
XGBoost (structured),0.3394327538883806,0.7910447761194029
XGBoost (structured),0.33974358974358976,0.7910447761194029
XGBoost (structured),0.3400549954170486,0.7910447761194029
XGBoost (structured),0.34067952249770433,0.7910447761194029
XGBoost (structured),0.3400735294117647,0.7889125799573561
XGBoost (structured),0.3403863845446182,0.7889125799573561
XGBoost (structured),0.3397790055248619,0.7867803837953091
XGBoost (structured),0.3400921658986175,0.7867803837953091
XGBoost (structured),0.3404059040590406,0.7867803837953091
XGBoost (structured),0.3407202216066482,0.7867803837953091
XGBoost (structured),0.34011090573012936,0.7846481876332623
XGBoost (structured),0.3404255319148936,0.7846481876332623
XGBoost (structured),0.3398148148148148,0.7825159914712153
XGBoost (structured),0.340129749768304,0.7825159914712153
XGBoost (structured),0.3395176252319109,0.7803837953091685
XGBoost (structured),0.3398328690807799,0.7803837953091685
XGBoost (structured),0.34014869888475835,0.7803837953091685
XGBoost (structured),0.3404651162790698,0.7803837953091685
XGBoost (structured),0.3407821229050279,0.7803837953091685
XGBoost (structured),0.34109972041006525,0.7803837953091685
XGBoost (structured),0.3414179104477612,0.7803837953091685
XGBoost (structured),0.34173669467787116,0.7803837953091685
XGBoost (structured),0.34205607476635513,0.7803837953091685
XGBoost (structured),0.3414405986903648,0.7782515991471215
XGBoost (structured),0.34176029962546817,0.7782515991471215
XGBoost (structured),0.34208059981255856,0.7782515991471215
XGBoost (structured),0.34146341463414637,0.7761194029850746
XGBoost (structured),0.34242709313264347,0.7761194029850746
XGBoost (structured),0.3418079096045198,0.7739872068230277
XGBoost (structured),0.34213006597549483,0.7739872068230277
XGBoost (structured),0.34150943396226413,0.7718550106609808
XGBoost (structured),0.3408876298394712,0.7697228144989339
XGBoost (structured),0.34120982986767484,0.7697228144989339
XGBoost (structured),0.3415326395458846,0.7697228144989339
XGBoost (structured),0.3418560606060606,0.7697228144989339
XGBoost (structured),0.34218009478672984,0.7697228144989339
XGBoost (structured),0.3425047438330171,0.7697228144989339
XGBoost (structured),0.34283000949667614,0.7697228144989339
XGBoost (structured),0.34220532319391633,0.767590618336887
XGBoost (structured),0.3425309229305423,0.767590618336887
XGBoost (structured),0.3419047619047619,0.7654584221748401
XGBoost (structured),0.342230695900858,0.7654584221748401
XGBoost (structured),0.3425572519083969,0.7654584221748401
XGBoost (structured),0.3428844317096466,0.7654584221748401
XGBoost (structured),0.34321223709369025,0.7654584221748401
XGBoost (structured),0.3435406698564593,0.7654584221748401
XGBoost (structured),0.3438697318007663,0.7654584221748401
XGBoost (structured),0.3432406519654842,0.7633262260127932
XGBoost (structured),0.3435700575815739,0.7633262260127932
XGBoost (structured),0.34390009606147937,0.7633262260127932
XGBoost (structured),0.34423076923076923,0.7633262260127932
XGBoost (structured),0.34456207892204044,0.7633262260127932
XGBoost (structured),0.3448940269749518,0.7633262260127932
XGBoost (structured),0.3452266152362584,0.7633262260127932
XGBoost (structured),0.34555984555984554,0.7633262260127932
XGBoost (structured),0.3458937198067633,0.7633262260127932
XGBoost (structured),0.34622823984526113,0.7633262260127932
XGBoost (structured),0.3465634075508228,0.7633262260127932
XGBoost (structured),0.34689922480620156,0.7633262260127932
XGBoost (structured),0.3472356935014549,0.7633262260127932
XGBoost (structured),0.34757281553398056,0.7633262260127932
XGBoost (structured),0.34791059280855197,0.7633262260127932
XGBoost (structured),0.3472762645914397,0.7611940298507462
XGBoost (structured),0.3466407010710808,0.7590618336886994
XGBoost (structured),0.3469785575048733,0.7590618336886994
XGBoost (structured),0.3473170731707317,0.7590618336886994
XGBoost (structured),0.34765625,0.7590618336886994
XGBoost (structured),0.3479960899315738,0.7590618336886994
XGBoost (structured),0.34833659491193736,0.7590618336886994
XGBoost (structured),0.3486777668952008,0.7590618336886994
XGBoost (structured),0.34901960784313724,0.7590618336886994
XGBoost (structured),0.3493621197252208,0.7590618336886994
XGBoost (structured),0.3487229862475442,0.7569296375266524
XGBoost (structured),0.34906588003933137,0.7569296375266524
XGBoost (structured),0.3494094488188976,0.7569296375266524
XGBoost (structured),0.35009861932938857,0.7569296375266524
XGBoost (structured),0.3504442250740375,0.7569296375266524
XGBoost (structured),0.35079051383399207,0.7569296375266524
XGBoost (structured),0.35014836795252224,0.7547974413646056
XGBoost (structured),0.3495049504950495,0.7526652452025586
XGBoost (structured),0.34985133795837464,0.7526652452025586
XGBoost (structured),0.35054617676266137,0.7526652452025586
XGBoost (structured),0.3499005964214712,0.7505330490405118
XGBoost (structured),0.3502487562189055,0.7505330490405118
XGBoost (structured),0.34960159362549803,0.7484008528784648
XGBoost (structured),0.3489531405782652,0.746268656716418
XGBoost (structured),0.34930139720558884,0.746268656716418
XGBoost (structured),0.34865134865134867,0.744136460554371
XGBoost (structured),0.349,0.744136460554371
XGBoost (structured),0.3483483483483483,0.7420042643923241
XGBoost (structured),0.34904714142427284,0.7420042643923241
XGBoost (structured),0.3493975903614458,0.7420042643923241
XGBoost (structured),0.349748743718593,0.7420042643923241
XGBoost (structured),0.3501006036217304,0.7420042643923241
XGBoost (structured),0.34944612286002014,0.7398720682302772
XGBoost (structured),0.3497983870967742,0.7398720682302772
XGBoost (structured),0.3501513622603431,0.7398720682302772
XGBoost (structured),0.3505050505050505,0.7398720682302772
XGBoost (structured),0.34984833164812945,0.7377398720682303
XGBoost (structured),0.35020242914979755,0.7377398720682303
XGBoost (structured),0.3505572441742654,0.7377398720682303
XGBoost (structured),0.3509127789046653,0.7377398720682303
XGBoost (structured),0.35126903553299493,0.7377398720682303
XGBoost (structured),0.3516260162601626,0.7377398720682303
XGBoost (structured),0.35096642929806715,0.7356076759061834
XGBoost (structured),0.3513238289205703,0.7356076759061834
XGBoost (structured),0.3506625891946993,0.7334754797441365
XGBoost (structured),0.3510204081632653,0.7334754797441365
XGBoost (structured),0.3503575076608784,0.7313432835820896
XGBoost (structured),0.3496932515337423,0.7292110874200426
XGBoost (structured),0.3500511770726714,0.7292110874200426
XGBoost (structured),0.34938524590163933,0.7270788912579957
XGBoost (structured),0.34974358974358977,0.7270788912579957
XGBoost (structured),0.35010266940451745,0.7270788912579957
XGBoost (structured),0.35046248715313466,0.7270788912579957
XGBoost (structured),0.3497942386831276,0.7249466950959488
XGBoost (structured),0.35015447991761073,0.7249466950959488
XGBoost (structured),0.3508771929824561,0.7249466950959488
XGBoost (structured),0.3512396694214876,0.7249466950959488
XGBoost (structured),0.3516028955532575,0.7249466950959488
XGBoost (structured),0.35093167701863354,0.7228144989339019
XGBoost (structured),0.35129533678756475,0.7228144989339019
XGBoost (structured),0.3516597510373444,0.7228144989339019
XGBoost (structured),0.35202492211838005,0.7228144989339019
XGBoost (structured),0.3523908523908524,0.7228144989339019
XGBoost (structured),0.35275754422476585,0.7228144989339019
XGBoost (structured),0.353125,0.7228144989339019
XGBoost (structured),0.3534932221063608,0.7228144989339019
XGBoost (structured),0.35386221294363257,0.7228144989339019
XGBoost (structured),0.3542319749216301,0.7228144989339019
XGBoost (structured),0.3539267015706806,0.720682302771855
XGBoost (structured),0.35429769392033544,0.720682302771855
XGBoost (structured),0.3546694648478489,0.720682302771855
XGBoost (structured),0.3550420168067227,0.720682302771855
XGBoost (structured),0.35436382754994744,0.7185501066098081
XGBoost (structured),0.35368421052631577,0.7164179104477612
XGBoost (structured),0.3540569020021075,0.7164179104477612
XGBoost (structured),0.35443037974683544,0.7164179104477612
XGBoost (structured),0.35480464625131997,0.7164179104477612
XGBoost (structured),0.35517970401691334,0.7164179104477612
XGBoost (structured),0.35555555555555557,0.7164179104477612
XGBoost (structured),0.3548728813559322,0.7142857142857143
XGBoost (structured),0.3552492046659597,0.7142857142857143
XGBoost (structured),0.35562632696390656,0.7142857142857143
XGBoost (structured),0.35600425079702447,0.7142857142857143
XGBoost (structured),0.35638297872340424,0.7142857142857143
XGBoost (structured),0.35676251331203407,0.7142857142857143
XGBoost (structured),0.35714285714285715,0.7142857142857143
XGBoost (structured),0.35645677694770544,0.7121535181236673
XGBoost (structured),0.35683760683760685,0.7121535181236673
XGBoost (structured),0.35614973262032085,0.7100213219616205
XGBoost (structured),0.35653104925053536,0.7100213219616205
XGBoost (structured),0.35691318327974275,0.7100213219616205
XGBoost (structured),0.3572961373390558,0.7100213219616205
XGBoost (structured),0.35660580021482274,0.7078891257995735
XGBoost (structured),0.35698924731182796,0.7078891257995735
XGBoost (structured),0.3573735199138859,0.7078891257995735
XGBoost (structured),0.3577586206896552,0.7078891257995735
XGBoost (structured),0.3581445523193096,0.7078891257995735
XGBoost (structured),0.35853131749460043,0.7078891257995735
XGBoost (structured),0.3589189189189189,0.7078891257995735
XGBoost (structured),0.3593073593073593,0.7078891257995735
XGBoost (structured),0.35861321776814736,0.7057569296375267
XGBoost (structured),0.35900216919739697,0.7057569296375267
XGBoost (structured),0.35939196525515743,0.7057569296375267
XGBoost (structured),0.35978260869565215,0.7057569296375267
XGBoost (structured),0.3601741022850925,0.7057569296375267
XGBoost (structured),0.36056644880174293,0.7057569296375267
XGBoost (structured),0.36095965103598693,0.7057569296375267
XGBoost (structured),0.361353711790393,0.7057569296375267
XGBoost (structured),0.36065573770491804,0.7036247334754797
XGBoost (structured),0.3610503282275711,0.7036247334754797
XGBoost (structured),0.3614457831325301,0.7036247334754797
XGBoost (structured),0.3618421052631579,0.7036247334754797
XGBoost (structured),0.3611416026344676,0.7014925373134329
XGBoost (structured),0.36043956043956044,0.6993603411513859
XGBoost (structured),0.36083608360836084,0.6993603411513859
XGBoost (structured),0.3601321585903084,0.697228144989339
XGBoost (structured),0.35942668136714445,0.6950959488272921
XGBoost (structured),0.3598233995584989,0.6950959488272921
XGBoost (structured),0.3602209944751381,0.6950959488272921
XGBoost (structured),0.3606194690265487,0.6950959488272921
XGBoost (structured),0.3610188261351052,0.6950959488272921
XGBoost (structured),0.360310421286031,0.6929637526652452
XGBoost (structured),0.3607103218645949,0.6929637526652452
XGBoost (structured),0.3611111111111111,0.6929637526652452
XGBoost (structured),0.3604004449388209,0.6908315565031983
XGBoost (structured),0.36080178173719374,0.6908315565031983
XGBoost (structured),0.3612040133779264,0.6908315565031983
XGBoost (structured),0.36160714285714285,0.6908315565031983
XGBoost (structured),0.36089385474860336,0.6886993603411514
XGBoost (structured),0.36129753914988816,0.6886993603411514
XGBoost (structured),0.3617021276595745,0.6886993603411514
XGBoost (structured),0.3609865470852018,0.6865671641791045
XGBoost (structured),0.3613916947250281,0.6865671641791045
XGBoost (structured),0.36179775280898874,0.6865671641791045
XGBoost (structured),0.36220472440944884,0.6865671641791045
XGBoost (structured),0.3614864864864865,0.6844349680170576
XGBoost (structured),0.36271186440677966,0.6844349680170576
XGBoost (structured),0.36199095022624433,0.6823027718550106
XGBoost (structured),0.362400906002265,0.6823027718550106
XGBoost (structured),0.36281179138321995,0.6823027718550106
XGBoost (structured),0.3620885357548241,0.6801705756929638
XGBoost (structured),0.3625,0.6801705756929638
XGBoost (structured),0.36291240045506257,0.6801705756929638
XGBoost (structured),0.3621867881548975,0.6780383795309168
XGBoost (structured),0.36259977194982895,0.6780383795309168
XGBoost (structured),0.36342857142857143,0.6780383795309168
XGBoost (structured),0.36384439359267734,0.6780383795309168
XGBoost (structured),0.3642611683848797,0.6780383795309168
XGBoost (structured),0.3646788990825688,0.6780383795309168
XGBoost (structured),0.365097588978186,0.6780383795309168
XGBoost (structured),0.364367816091954,0.67590618336887
XGBoost (structured),0.36363636363636365,0.673773987206823
XGBoost (structured),0.3640552995391705,0.673773987206823
XGBoost (structured),0.3644752018454441,0.673773987206823
XGBoost (structured),0.3648960739030023,0.673773987206823
XGBoost (structured),0.3653179190751445,0.673773987206823
XGBoost (structured),0.36616454229432216,0.673773987206823
XGBoost (structured),0.3665893271461717,0.673773987206823
XGBoost (structured),0.3670150987224158,0.673773987206823
XGBoost (structured),0.36554132712456344,0.6695095948827292
XGBoost (structured),0.36596736596736595,0.6695095948827292
XGBoost (structured),0.3652275379229872,0.6673773987206824
XGBoost (structured),0.36565420560747663,0.6673773987206824
XGBoost (structured),0.36608187134502923,0.6673773987206824
XGBoost (structured),0.3665105386416862,0.6673773987206824
XGBoost (structured),0.3669402110199297,0.6673773987206824
XGBoost (structured),0.3673708920187793,0.6673773987206824
XGBoost (structured),0.36662749706227965,0.6652452025586354
XGBoost (structured),0.3658823529411765,0.6631130063965884
XGBoost (structured),0.3663133097762073,0.6631130063965884
XGBoost (structured),0.36674528301886794,0.6631130063965884
XGBoost (structured),0.36717827626918537,0.6631130063965884
XGBoost (structured),0.367612293144208,0.6631130063965884
XGBoost (structured),0.3680473372781065,0.6631130063965884
XGBoost (structured),0.3684834123222749,0.6631130063965884
XGBoost (structured),0.3693586698337292,0.6631130063965884
XGBoost (structured),0.3697978596908442,0.6631130063965884
XGBoost (structured),0.36904761904761907,0.6609808102345416
XGBoost (structured),0.36829558998808104,0.6588486140724946
XGBoost (structured),0.36873508353221957,0.6588486140724946
XGBoost (structured),0.36917562724014336,0.6588486140724946
XGBoost (structured),0.3696172248803828,0.6588486140724946
XGBoost (structured),0.37005988023952097,0.6588486140724946
XGBoost (structured),0.36930455635491605,0.6567164179104478
XGBoost (structured),0.3697478991596639,0.6567164179104478
XGBoost (structured),0.3701923076923077,0.6567164179104478
XGBoost (structured),0.3694344163658243,0.6545842217484008
XGBoost (structured),0.36987951807228914,0.6545842217484008
XGBoost (structured),0.3703256936067551,0.6545842217484008
XGBoost (structured),0.37077294685990336,0.6545842217484008
XGBoost (structured),0.37122128174123337,0.6545842217484008
XGBoost (structured),0.37167070217917675,0.6545842217484008
XGBoost (structured),0.37212121212121213,0.6545842217484008
XGBoost (structured),0.3725728155339806,0.6545842217484008
XGBoost (structured),0.3718104495747266,0.652452025586354
XGBoost (structured),0.3722627737226277,0.652452025586354
XGBoost (structured),0.37149817295980514,0.650319829424307
XGBoost (structured),0.3719512195121951,0.650319829424307
XGBoost (structured),0.3724053724053724,0.650319829424307
XGBoost (structured),0.37286063569682154,0.650319829424307
XGBoost (structured),0.3733170134638923,0.650319829424307
XGBoost (structured),0.3737745098039216,0.650319829424307
XGBoost (structured),0.37423312883435583,0.650319829424307
XGBoost (structured),0.3746928746928747,0.650319829424307
XGBoost (structured),0.3751537515375154,0.650319829424307
XGBoost (structured),0.37438423645320196,0.6481876332622601
XGBoost (structured),0.374845869297164,0.6481876332622601
XGBoost (structured),0.37330037082818296,0.6439232409381663
XGBoost (structured),0.3725247524752475,0.6417910447761194
XGBoost (structured),0.37298636926889717,0.6417910447761194
XGBoost (structured),0.37344913151364767,0.6417910447761194
XGBoost (structured),0.3739130434782609,0.6417910447761194
XGBoost (structured),0.3743781094527363,0.6417910447761194
XGBoost (structured),0.37484433374844334,0.6417910447761194
XGBoost (structured),0.3740648379052369,0.6396588486140725
XGBoost (structured),0.37453183520599254,0.6396588486140725
XGBoost (structured),0.375,0.6396588486140725
XGBoost (structured),0.37546933667083854,0.6396588486140725
XGBoost (structured),0.37593984962406013,0.6396588486140725
XGBoost (structured),0.37641154328732745,0.6396588486140725
XGBoost (structured),0.3756281407035176,0.6375266524520256
XGBoost (structured),0.37484276729559746,0.6353944562899787
XGBoost (structured),0.37531486146095716,0.6353944562899787
XGBoost (structured),0.37578814627994955,0.6353944562899787
XGBoost (structured),0.375,0.6332622601279317
XGBoost (structured),0.3754740834386852,0.6332622601279317
XGBoost (structured),0.3759493670886076,0.6332622601279317
XGBoost (structured),0.376425855513308,0.6332622601279317
XGBoost (structured),0.3769035532994924,0.6332622601279317
XGBoost (structured),0.3761118170266836,0.6311300639658849
XGBoost (structured),0.37659033078880405,0.6311300639658849
XGBoost (structured),0.37707006369426754,0.6311300639658849
XGBoost (structured),0.37755102040816324,0.6311300639658849
XGBoost (structured),0.3780332056194125,0.6311300639658849
XGBoost (structured),0.37851662404092073,0.6311300639658849
XGBoost (structured),0.37900128040973113,0.6311300639658849
XGBoost (structured),0.37948717948717947,0.6311300639658849
XGBoost (structured),0.37997432605905007,0.6311300639658849
XGBoost (structured),0.3791773778920309,0.6289978678038379
XGBoost (structured),0.37966537966537967,0.6289978678038379
XGBoost (structured),0.3801546391752577,0.6289978678038379
XGBoost (structured),0.3798449612403101,0.6268656716417911
XGBoost (structured),0.37904269081500647,0.6247334754797441
XGBoost (structured),0.3795336787564767,0.6247334754797441
XGBoost (structured),0.3787289234760052,0.6226012793176973
XGBoost (structured),0.37922077922077924,0.6226012793176973
XGBoost (structured),0.3784135240572172,0.6204690831556503
XGBoost (structured),0.37890625,0.6204690831556503
XGBoost (structured),0.379400260756193,0.6204690831556503
XGBoost (structured),0.3785900783289817,0.6183368869936035
XGBoost (structured),0.3790849673202614,0.6183368869936035
XGBoost (structured),0.3782722513089005,0.6162046908315565
XGBoost (structured),0.37876802096985585,0.6162046908315565
XGBoost (structured),0.37926509186351703,0.6162046908315565
XGBoost (structured),0.3797634691195795,0.6162046908315565
XGBoost (structured),0.38026315789473686,0.6162046908315565
XGBoost (structured),0.380764163372859,0.6162046908315565
XGBoost (structured),0.3812664907651715,0.6162046908315565
XGBoost (structured),0.380449141347424,0.6140724946695096
XGBoost (structured),0.38095238095238093,0.6140724946695096
XGBoost (structured),0.38145695364238413,0.6140724946695096
XGBoost (structured),0.3819628647214854,0.6140724946695096
XGBoost (structured),0.38247011952191234,0.6140724946695096
XGBoost (structured),0.3829787234042553,0.6140724946695096
XGBoost (structured),0.38348868175765644,0.6140724946695096
XGBoost (structured),0.38266666666666665,0.6119402985074627
XGBoost (structured),0.38317757009345793,0.6119402985074627
XGBoost (structured),0.38235294117647056,0.6098081023454158
XGBoost (structured),0.3828647925033467,0.6098081023454158
XGBoost (structured),0.38337801608579086,0.6098081023454158
XGBoost (structured),0.3838926174496644,0.6098081023454158
XGBoost (structured),0.38306451612903225,0.6076759061833689
XGBoost (structured),0.3835800807537012,0.6076759061833689
XGBoost (structured),0.38409703504043125,0.6076759061833689
XGBoost (structured),0.38461538461538464,0.6076759061833689
XGBoost (structured),0.38513513513513514,0.6076759061833689
XGBoost (structured),0.38430311231393777,0.605543710021322
XGBoost (structured),0.38346883468834686,0.603411513859275
XGBoost (structured),0.383989145183175,0.603411513859275
XGBoost (structured),0.3845108695652174,0.603411513859275
XGBoost (structured),0.3836734693877551,0.6012793176972282
XGBoost (structured),0.38419618528610355,0.6012793176972282
XGBoost (structured),0.38472032742155526,0.6012793176972282
XGBoost (structured),0.38524590163934425,0.6012793176972282
XGBoost (structured),0.3857729138166895,0.6012793176972282
XGBoost (structured),0.3863013698630137,0.6012793176972282
XGBoost (structured),0.3868312757201646,0.6012793176972282
XGBoost (structured),0.3873626373626374,0.6012793176972282
XGBoost (structured),0.3878954607977992,0.6012793176972282
XGBoost (structured),0.38705234159779617,0.5991471215351812
XGBoost (structured),0.3875862068965517,0.5991471215351812
XGBoost (structured),0.38865836791147995,0.5991471215351812
XGBoost (structured),0.389196675900277,0.5991471215351812
XGBoost (structured),0.3883495145631068,0.5970149253731343
XGBoost (structured),0.3875,0.5948827292110874
XGBoost (structured),0.38803894297635605,0.5948827292110874
XGBoost (structured),0.38857938718662954,0.5948827292110874
XGBoost (structured),0.3891213389121339,0.5948827292110874
XGBoost (structured),0.38966480446927376,0.5948827292110874
XGBoost (structured),0.3902097902097902,0.5948827292110874
XGBoost (structured),0.3907563025210084,0.5948827292110874
XGBoost (structured),0.391304347826087,0.5948827292110874
XGBoost (structured),0.39185393258426965,0.5948827292110874
XGBoost (structured),0.3924050632911392,0.5948827292110874
XGBoost (structured),0.3929577464788732,0.5948827292110874
XGBoost (structured),0.3935119887165021,0.5948827292110874
XGBoost (structured),0.3940677966101695,0.5948827292110874
XGBoost (structured),0.39462517680339465,0.5948827292110874
XGBoost (structured),0.3951841359773371,0.5948827292110874
XGBoost (structured),0.39574468085106385,0.5948827292110874
XGBoost (structured),0.3963068181818182,0.5948827292110874
XGBoost (structured),0.39544807965860596,0.5927505330490405
XGBoost (structured),0.3945868945868946,0.5906183368869936
XGBoost (structured),0.39514978601997147,0.5906183368869936
XGBoost (structured),0.39571428571428574,0.5906183368869936
XGBoost (structured),0.3948497854077253,0.5884861407249466
XGBoost (structured),0.3954154727793696,0.5884861407249466
XGBoost (structured),0.39598278335724535,0.5884861407249466
XGBoost (structured),0.39655172413793105,0.5884861407249466
XGBoost (structured),0.3971223021582734,0.5884861407249466
XGBoost (structured),0.3976945244956772,0.5884861407249466
XGBoost (structured),0.39826839826839827,0.5884861407249466
XGBoost (structured),0.3988439306358382,0.5884861407249466
XGBoost (structured),0.3994211287988423,0.5884861407249466
XGBoost (structured),0.39855072463768115,0.5863539445628998
XGBoost (structured),0.3991291727140784,0.5863539445628998
XGBoost (structured),0.3997093023255814,0.5863539445628998
XGBoost (structured),0.4002911208151383,0.5863539445628998
XGBoost (structured),0.4008746355685131,0.5863539445628998
XGBoost (structured),0.40145985401459855,0.5863539445628998
XGBoost (structured),0.402046783625731,0.5863539445628998
XGBoost (structured),0.40263543191800877,0.5863539445628998
XGBoost (structured),0.40381791483113066,0.5863539445628998
XGBoost (structured),0.4050073637702504,0.5863539445628998
XGBoost (structured),0.4056047197640118,0.5863539445628998
XGBoost (structured),0.40620384047267355,0.5863539445628998
XGBoost (structured),0.4068047337278107,0.5863539445628998
XGBoost (structured),0.4074074074074074,0.5863539445628998
XGBoost (structured),0.40801186943620177,0.5863539445628998
XGBoost (structured),0.40713224368499257,0.5842217484008528
XGBoost (structured),0.40773809523809523,0.5842217484008528
XGBoost (structured),0.4083457526080477,0.5842217484008528
XGBoost (structured),0.408955223880597,0.5842217484008528
XGBoost (structured),0.40956651718983555,0.5842217484008528
XGBoost (structured),0.4086826347305389,0.582089552238806
XGBoost (structured),0.40929535232383807,0.582089552238806
XGBoost (structured),0.4084084084084084,0.579957356076759
XGBoost (structured),0.4075187969924812,0.5778251599147122
XGBoost (structured),0.4066265060240964,0.5756929637526652
XGBoost (structured),0.4072398190045249,0.5756929637526652
XGBoost (structured),0.4078549848942598,0.5756929637526652
XGBoost (structured),0.4084720121028744,0.5756929637526652
XGBoost (structured),0.4075757575757576,0.5735607675906184
XGBoost (structured),0.40819423368740515,0.5735607675906184
XGBoost (structured),0.4088145896656535,0.5735607675906184
XGBoost (structured),0.4094368340943683,0.5735607675906184
XGBoost (structured),0.4100609756097561,0.5735607675906184
XGBoost (structured),0.41068702290076337,0.5735607675906184
XGBoost (structured),0.41131498470948014,0.5735607675906184
XGBoost (structured),0.4119448698315467,0.5735607675906184
XGBoost (structured),0.4125766871165644,0.5735607675906184
XGBoost (structured),0.41384615384615386,0.5735607675906184
XGBoost (structured),0.41294298921417566,0.5714285714285714
XGBoost (structured),0.41358024691358025,0.5714285714285714
XGBoost (structured),0.4126738794435858,0.5692963752665245
XGBoost (structured),0.4117647058823529,0.5671641791044776
XGBoost (structured),0.40993788819875776,0.5628997867803838
XGBoost (structured),0.4105754276827372,0.5628997867803838
XGBoost (structured),0.40965732087227413,0.5607675906183369
XGBoost (structured),0.41029641185647425,0.5607675906183369
XGBoost (structured),0.4109375,0.5607675906183369
XGBoost (structured),0.41158059467918623,0.5607675906183369
XGBoost (structured),0.4106583072100313,0.55863539445629
XGBoost (structured),0.41130298273155413,0.55863539445629
XGBoost (structured),0.4119496855345912,0.55863539445629
XGBoost (structured),0.4125984251968504,0.55863539445629
XGBoost (structured),0.41324921135646686,0.55863539445629
XGBoost (structured),0.41232227488151657,0.5565031982942431
XGBoost (structured),0.4129746835443038,0.5565031982942431
XGBoost (structured),0.41362916006339145,0.5565031982942431
XGBoost (structured),0.4126984126984127,0.5543710021321961
XGBoost (structured),0.4117647058823529,0.5522388059701493
XGBoost (structured),0.410828025477707,0.5501066098081023
XGBoost (structured),0.4098883572567783,0.5479744136460555
XGBoost (structured),0.40894568690095845,0.5458422174840085
XGBoost (structured),0.4096,0.5458422174840085
XGBoost (structured),0.41025641025641024,0.5458422174840085
XGBoost (structured),0.41091492776886035,0.5458422174840085
XGBoost (structured),0.409967845659164,0.5437100213219617
XGBoost (structured),0.40901771336553944,0.5415778251599147
XGBoost (structured),0.4096774193548387,0.5415778251599147
XGBoost (structured),0.41033925686591277,0.5415778251599147
XGBoost (structured),0.4110032362459547,0.5415778251599147
XGBoost (structured),0.41166936790923825,0.5415778251599147
XGBoost (structured),0.41233766233766234,0.5415778251599147
XGBoost (structured),0.41300813008130083,0.5415778251599147
XGBoost (structured),0.41368078175895767,0.5415778251599147
XGBoost (structured),0.41435562805872755,0.5415778251599147
XGBoost (structured),0.4150326797385621,0.5415778251599147
XGBoost (structured),0.4157119476268412,0.5415778251599147
XGBoost (structured),0.41475409836065574,0.5394456289978679
XGBoost (structured),0.4154351395730706,0.5394456289978679
XGBoost (structured),0.4161184210526316,0.5394456289978679
XGBoost (structured),0.41680395387149916,0.5394456289978679
XGBoost (structured),0.4174917491749175,0.5394456289978679
XGBoost (structured),0.41818181818181815,0.5394456289978679
XGBoost (structured),0.41887417218543044,0.5394456289978679
XGBoost (structured),0.41956882255389716,0.5394456289978679
XGBoost (structured),0.420265780730897,0.5394456289978679
XGBoost (structured),0.4209650582362729,0.5394456289978679
XGBoost (structured),0.4216666666666667,0.5394456289978679
XGBoost (structured),0.42237061769616024,0.5394456289978679
XGBoost (structured),0.4230769230769231,0.5394456289978679
XGBoost (structured),0.4221105527638191,0.5373134328358209
XGBoost (structured),0.4211409395973154,0.535181236673774
XGBoost (structured),0.4218487394957983,0.535181236673774
XGBoost (structured),0.4225589225589226,0.535181236673774
XGBoost (structured),0.42158516020236086,0.5330490405117271
XGBoost (structured),0.4222972972972973,0.5330490405117271
XGBoost (structured),0.4230118443316413,0.5330490405117271
XGBoost (structured),0.423728813559322,0.5330490405117271
XGBoost (structured),0.4244482173174873,0.5330490405117271
XGBoost (structured),0.42346938775510207,0.5309168443496801
XGBoost (structured),0.424190800681431,0.5309168443496801
XGBoost (structured),0.4249146757679181,0.5309168443496801
XGBoost (structured),0.4256410256410256,0.5309168443496801
XGBoost (structured),0.4263698630136986,0.5309168443496801
XGBoost (structured),0.42710120068610635,0.5309168443496801
XGBoost (structured),0.4261168384879725,0.5287846481876333
XGBoost (structured),0.4268502581755594,0.5287846481876333
XGBoost (structured),0.42586206896551726,0.5266524520255863
XGBoost (structured),0.4265975820379965,0.5266524520255863
XGBoost (structured),0.4273356401384083,0.5266524520255863
XGBoost (structured),0.42634315424610053,0.5245202558635395
XGBoost (structured),0.4270833333333333,0.5245202558635395
XGBoost (structured),0.4260869565217391,0.5223880597014925
XGBoost (structured),0.4268292682926829,0.5223880597014925
XGBoost (structured),0.42757417102966844,0.5223880597014925
XGBoost (structured),0.42832167832167833,0.5223880597014925
XGBoost (structured),0.4290718038528897,0.5223880597014925
XGBoost (structured),0.4298245614035088,0.5223880597014925
XGBoost (structured),0.4305799648506151,0.5223880597014925
XGBoost (structured),0.43133802816901406,0.5223880597014925
XGBoost (structured),0.43209876543209874,0.5223880597014925
XGBoost (structured),0.4336283185840708,0.5223880597014925
XGBoost (structured),0.4326241134751773,0.5202558635394456
XGBoost (structured),0.43161634103019536,0.5181236673773987
XGBoost (structured),0.43238434163701067,0.5181236673773987
XGBoost (structured),0.43315508021390375,0.5181236673773987
XGBoost (structured),0.43214285714285716,0.5159914712153518
XGBoost (structured),0.43112701252236135,0.5138592750533049
XGBoost (structured),0.43010752688172044,0.511727078891258
XGBoost (structured),0.43087971274685816,0.511727078891258
XGBoost (structured),0.4316546762589928,0.511727078891258
XGBoost (structured),0.43243243243243246,0.511727078891258
XGBoost (structured),0.4332129963898917,0.511727078891258
XGBoost (structured),0.4321880650994575,0.509594882729211
XGBoost (structured),0.4329710144927536,0.509594882729211
XGBoost (structured),0.43454545454545457,0.509594882729211
XGBoost (structured),0.4353369763205829,0.509594882729211
XGBoost (structured),0.43613138686131386,0.509594882729211
XGBoost (structured),0.4351005484460695,0.5074626865671642
XGBoost (structured),0.4340659340659341,0.5053304904051172
XGBoost (structured),0.43486238532110094,0.5053304904051172
XGBoost (structured),0.43566176470588236,0.5053304904051172
XGBoost (structured),0.43646408839779005,0.5053304904051172
XGBoost (structured),0.43726937269372695,0.5053304904051172
XGBoost (structured),0.43622920517560076,0.5031982942430704
XGBoost (structured),0.43703703703703706,0.5031982942430704
XGBoost (structured),0.437847866419295,0.5031982942430704
XGBoost (structured),0.43866171003717475,0.5031982942430704
XGBoost (structured),0.43947858472998136,0.5031982942430704
XGBoost (structured),0.44029850746268656,0.5031982942430704
XGBoost (structured),0.4392523364485981,0.5010660980810234
XGBoost (structured),0.4400749063670412,0.5010660980810234
XGBoost (structured),0.44090056285178236,0.5010660980810234
XGBoost (structured),0.4417293233082707,0.5010660980810234
XGBoost (structured),0.44150943396226416,0.4989339019189765
XGBoost (structured),0.44045368620037806,0.4968017057569296
XGBoost (structured),0.4393939393939394,0.4946695095948827
XGBoost (structured),0.44022770398481975,0.4946695095948827
XGBoost (structured),0.44106463878326996,0.4946695095948827
XGBoost (structured),0.4419047619047619,0.4946695095948827
XGBoost (structured),0.44083969465648853,0.4925373134328358
XGBoost (structured),0.4416826003824092,0.4925373134328358
XGBoost (structured),0.4425287356321839,0.4925373134328358
XGBoost (structured),0.44337811900191937,0.4925373134328358
XGBoost (structured),0.4442307692307692,0.4925373134328358
XGBoost (structured),0.44315992292870904,0.4904051172707889
XGBoost (structured),0.444015444015444,0.4904051172707889
XGBoost (structured),0.44294003868471954,0.488272921108742
XGBoost (structured),0.4437984496124031,0.488272921108742
XGBoost (structured),0.44271844660194176,0.4861407249466951
XGBoost (structured),0.44163424124513617,0.4840085287846482
XGBoost (structured),0.442495126705653,0.4840085287846482
XGBoost (structured),0.443359375,0.4840085287846482
XGBoost (structured),0.44422700587084146,0.4840085287846482
XGBoost (structured),0.44509803921568625,0.4840085287846482
XGBoost (structured),0.444007858546169,0.48187633262260127
XGBoost (structured),0.4448818897637795,0.48187633262260127
XGBoost (structured),0.4457593688362919,0.48187633262260127
XGBoost (structured),0.44664031620553357,0.48187633262260127
XGBoost (structured),0.44752475247524753,0.48187633262260127
XGBoost (structured),0.44841269841269843,0.48187633262260127
XGBoost (structured),0.44930417495029823,0.48187633262260127
XGBoost (structured),0.450199203187251,0.48187633262260127
XGBoost (structured),0.4491017964071856,0.47974413646055436
XGBoost (structured),0.45,0.47974413646055436
XGBoost (structured),0.45090180360721444,0.47974413646055436
XGBoost (structured),0.4497991967871486,0.47761194029850745
XGBoost (structured),0.4495967741935484,0.47547974413646055
XGBoost (structured),0.4505050505050505,0.47547974413646055
XGBoost (structured),0.451417004048583,0.47547974413646055
XGBoost (structured),0.45030425963488846,0.47334754797441364
XGBoost (structured),0.45121951219512196,0.47334754797441364
XGBoost (structured),0.45213849287169044,0.47334754797441364
XGBoost (structured),0.4530612244897959,0.47334754797441364
XGBoost (structured),0.4539877300613497,0.47334754797441364
XGBoost (structured),0.45286885245901637,0.47121535181236673
XGBoost (structured),0.4517453798767967,0.4690831556503198
XGBoost (structured),0.4506172839506173,0.4669509594882729
XGBoost (structured),0.4515463917525773,0.4669509594882729
XGBoost (structured),0.4524793388429752,0.4669509594882729
XGBoost (structured),0.453416149068323,0.4669509594882729
XGBoost (structured),0.45435684647302904,0.4669509594882729
XGBoost (structured),0.4553014553014553,0.4669509594882729
XGBoost (structured),0.45416666666666666,0.464818763326226
XGBoost (structured),0.4551148225469729,0.464818763326226
XGBoost (structured),0.4560669456066946,0.464818763326226
XGBoost (structured),0.4549266247379455,0.4626865671641791
XGBoost (structured),0.45588235294117646,0.4626865671641791
XGBoost (structured),0.45473684210526316,0.4605543710021322
XGBoost (structured),0.45358649789029537,0.4584221748400853
XGBoost (structured),0.45454545454545453,0.4584221748400853
XGBoost (structured),0.4533898305084746,0.4562899786780384
XGBoost (structured),0.45222929936305734,0.4541577825159915
XGBoost (structured),0.4531914893617021,0.4541577825159915
XGBoost (structured),0.4541577825159915,0.4541577825159915
XGBoost (structured),0.4551282051282051,0.4541577825159915
XGBoost (structured),0.4539614561027837,0.4520255863539446
XGBoost (structured),0.45278969957081544,0.44989339019189767
XGBoost (structured),0.45376344086021503,0.44989339019189767
XGBoost (structured),0.4525862068965517,0.44776119402985076
XGBoost (structured),0.4535637149028078,0.44776119402985076
XGBoost (structured),0.4523809523809524,0.44562899786780386
XGBoost (structured),0.45336225596529284,0.44562899786780386
XGBoost (structured),0.45217391304347826,0.44349680170575695
XGBoost (structured),0.45098039215686275,0.44136460554371004
XGBoost (structured),0.4519650655021834,0.44136460554371004
XGBoost (structured),0.45076586433260396,0.43923240938166314
XGBoost (structured),0.44956140350877194,0.43710021321961623
XGBoost (structured),0.44835164835164837,0.4349680170575693
XGBoost (structured),0.44933920704845814,0.4349680170575693
XGBoost (structured),0.4491150442477876,0.43283582089552236
XGBoost (structured),0.4501108647450111,0.43283582089552236
XGBoost (structured),0.45111111111111113,0.43283582089552236
XGBoost (structured),0.4521158129175947,0.43283582089552236
XGBoost (structured),0.453125,0.43283582089552236
XGBoost (structured),0.45617977528089887,0.43283582089552236
XGBoost (structured),0.4572072072072072,0.43283582089552236
XGBoost (structured),0.4582392776523702,0.43283582089552236
XGBoost (structured),0.45701357466063347,0.43070362473347545
XGBoost (structured),0.4557823129251701,0.42857142857142855
XGBoost (structured),0.45681818181818185,0.42857142857142855
XGBoost (structured),0.45785876993166286,0.42857142857142855
XGBoost (structured),0.45662100456621,0.42643923240938164
XGBoost (structured),0.4576659038901602,0.42643923240938164
XGBoost (structured),0.45871559633027525,0.42643923240938164
XGBoost (structured),0.45977011494252873,0.42643923240938164
XGBoost (structured),0.45852534562211983,0.42430703624733473
XGBoost (structured),0.45958429561200925,0.42430703624733473
XGBoost (structured),0.46064814814814814,0.42430703624733473
XGBoost (structured),0.4617169373549884,0.42430703624733473
XGBoost (structured),0.4604651162790698,0.42217484008528783
XGBoost (structured),0.4592074592074592,0.4200426439232409
XGBoost (structured),0.4613583138173302,0.4200426439232409
XGBoost (structured),0.4624413145539906,0.4200426439232409
XGBoost (structured),0.46352941176470586,0.4200426439232409
XGBoost (structured),0.46226415094339623,0.417910447761194
XGBoost (structured),0.46099290780141844,0.4157782515991471
XGBoost (structured),0.46208530805687204,0.4157782515991471
XGBoost (structured),0.46318289786223277,0.4157782515991471
XGBoost (structured),0.4642857142857143,0.4157782515991471
XGBoost (structured),0.46539379474940334,0.4157782515991471
XGBoost (structured),0.4665071770334928,0.4157782515991471
XGBoost (structured),0.4676258992805755,0.4157782515991471
XGBoost (structured),0.46875,0.4157782515991471
XGBoost (structured),0.4674698795180723,0.4136460554371002
XGBoost (structured),0.46859903381642515,0.4136460554371002
XGBoost (structured),0.46973365617433416,0.4136460554371002
XGBoost (structured),0.4684466019417476,0.4115138592750533
XGBoost (structured),0.46958637469586373,0.4115138592750533
XGBoost (structured),0.4682926829268293,0.4093816631130064
XGBoost (structured),0.4729064039408867,0.4093816631130064
XGBoost (structured),0.47160493827160493,0.4072494669509595
XGBoost (structured),0.47029702970297027,0.4051172707889126
XGBoost (structured),0.46898263027295284,0.40298507462686567
XGBoost (structured),0.4701492537313433,0.40298507462686567
XGBoost (structured),0.4688279301745636,0.40085287846481876
XGBoost (structured),0.47,0.40085287846481876
XGBoost (structured),0.46867167919799496,0.39872068230277186
XGBoost (structured),0.46984924623115576,0.39872068230277186
XGBoost (structured),0.47103274559193953,0.39872068230277186
XGBoost (structured),0.4696969696969697,0.39658848614072495
XGBoost (structured),0.4708860759493671,0.39658848614072495
XGBoost (structured),0.4720812182741117,0.39658848614072495
XGBoost (structured),0.4732824427480916,0.39658848614072495
XGBoost (structured),0.4719387755102041,0.39445628997867804
XGBoost (structured),0.47164948453608246,0.39019189765458423
XGBoost (structured),0.4702842377260982,0.3880597014925373
XGBoost (structured),0.47150259067357514,0.3880597014925373
XGBoost (structured),0.4727272727272727,0.3880597014925373
XGBoost (structured),0.4739583333333333,0.3880597014925373
XGBoost (structured),0.4725848563968668,0.3859275053304904
XGBoost (structured),0.4712041884816754,0.3837953091684435
XGBoost (structured),0.46981627296587924,0.3816631130063966
XGBoost (structured),0.4710526315789474,0.3816631130063966
XGBoost (structured),0.47229551451187335,0.3816631130063966
XGBoost (structured),0.47354497354497355,0.3816631130063966
XGBoost (structured),0.47480106100795755,0.3816631130063966
XGBoost (structured),0.47606382978723405,0.3816631130063966
XGBoost (structured),0.47733333333333333,0.3816631130063966
XGBoost (structured),0.47593582887700536,0.3795309168443497
XGBoost (structured),0.4772117962466488,0.3795309168443497
XGBoost (structured),0.478494623655914,0.3795309168443497
XGBoost (structured),0.4797843665768194,0.3795309168443497
XGBoost (structured),0.4783783783783784,0.3773987206823028
XGBoost (structured),0.4796747967479675,0.3773987206823028
XGBoost (structured),0.48097826086956524,0.3773987206823028
XGBoost (structured),0.47956403269754766,0.3752665245202559
XGBoost (structured),0.4781420765027322,0.373134328358209
XGBoost (structured),0.4767123287671233,0.37100213219616207
XGBoost (structured),0.47527472527472525,0.36886993603411516
XGBoost (structured),0.4765840220385675,0.36886993603411516
XGBoost (structured),0.47790055248618785,0.36886993603411516
XGBoost (structured),0.48055555555555557,0.36886993603411516
XGBoost (structured),0.4818941504178273,0.36886993603411516
XGBoost (structured),0.48324022346368717,0.36886993603411516
XGBoost (structured),0.48179271708683474,0.36673773987206826
XGBoost (structured),0.48314606741573035,0.36673773987206826
XGBoost (structured),0.48169014084507045,0.3646055437100213
XGBoost (structured),0.4830508474576271,0.3646055437100213
XGBoost (structured),0.48158640226628896,0.3624733475479744
XGBoost (structured),0.48295454545454547,0.3624733475479744
XGBoost (structured),0.4843304843304843,0.3624733475479744
XGBoost (structured),0.4857142857142857,0.3624733475479744
XGBoost (structured),0.4871060171919771,0.3624733475479744
XGBoost (structured),0.4885057471264368,0.3624733475479744
XGBoost (structured),0.4899135446685879,0.3624733475479744
XGBoost (structured),0.4884393063583815,0.3603411513859275
XGBoost (structured),0.48695652173913045,0.3582089552238806
XGBoost (structured),0.48546511627906974,0.35607675906183367
XGBoost (structured),0.4868804664723032,0.35607675906183367
XGBoost (structured),0.4853801169590643,0.35394456289978676
XGBoost (structured),0.4838709677419355,0.35181236673773986
XGBoost (structured),0.4823529411764706,0.34968017057569295
XGBoost (structured),0.4837758112094395,0.34968017057569295
XGBoost (structured),0.4822485207100592,0.34754797441364604
XGBoost (structured),0.4807121661721068,0.34541577825159914
XGBoost (structured),0.48214285714285715,0.34541577825159914
XGBoost (structured),0.4835820895522388,0.34541577825159914
XGBoost (structured),0.4820359281437126,0.34328358208955223
XGBoost (structured),0.48348348348348347,0.34328358208955223
XGBoost (structured),0.48493975903614456,0.34328358208955223
XGBoost (structured),0.48338368580060426,0.3411513859275053
XGBoost (structured),0.48484848484848486,0.3411513859275053
XGBoost (structured),0.48328267477203646,0.3390191897654584
XGBoost (structured),0.4817073170731707,0.3368869936034115
XGBoost (structured),0.4831804281345566,0.3368869936034115
XGBoost (structured),0.48466257668711654,0.3368869936034115
XGBoost (structured),0.48615384615384616,0.3368869936034115
XGBoost (structured),0.4876543209876543,0.3368869936034115
XGBoost (structured),0.4891640866873065,0.3368869936034115
XGBoost (structured),0.48757763975155277,0.3347547974413646
XGBoost (structured),0.48909657320872274,0.3347547974413646
XGBoost (structured),0.490625,0.3347547974413646
XGBoost (structured),0.4890282131661442,0.3326226012793177
XGBoost (structured),0.49056603773584906,0.3326226012793177
XGBoost (structured),0.4889589905362776,0.3304904051172708
XGBoost (structured),0.49050632911392406,0.3304904051172708
XGBoost (structured),0.4888888888888889,0.3283582089552239
XGBoost (structured),0.49044585987261147,0.3283582089552239
XGBoost (structured),0.49201277955271566,0.3283582089552239
XGBoost (structured),0.4935897435897436,0.3283582089552239
XGBoost (structured),0.4919614147909968,0.326226012793177
XGBoost (structured),0.4935483870967742,0.326226012793177
XGBoost (structured),0.49514563106796117,0.326226012793177
XGBoost (structured),0.4935064935064935,0.32409381663113007
XGBoost (structured),0.49185667752442996,0.32196162046908317
XGBoost (structured),0.4934640522875817,0.32196162046908317
XGBoost (structured),0.4918032786885246,0.31982942430703626
XGBoost (structured),0.4901315789473684,0.31769722814498935
XGBoost (structured),0.49174917491749176,0.31769722814498935
XGBoost (structured),0.49337748344370863,0.31769722814498935
XGBoost (structured),0.49169435215946844,0.31556503198294245
XGBoost (structured),0.49333333333333335,0.31556503198294245
XGBoost (structured),0.49498327759197325,0.31556503198294245
XGBoost (structured),0.4966442953020134,0.31556503198294245
XGBoost (structured),0.494949494949495,0.31343283582089554
XGBoost (structured),0.49324324324324326,0.31130063965884863
XGBoost (structured),0.49491525423728816,0.31130063965884863
XGBoost (structured),0.4965986394557823,0.31130063965884863
XGBoost (structured),0.49829351535836175,0.31130063965884863
XGBoost (structured),0.4965753424657534,0.3091684434968017
XGBoost (structured),0.49828178694158076,0.3091684434968017
XGBoost (structured),0.496551724137931,0.3070362473347548
XGBoost (structured),0.49480968858131485,0.3049040511727079
XGBoost (structured),0.4965277777777778,0.3049040511727079
XGBoost (structured),0.49825783972125437,0.3049040511727079
XGBoost (structured),0.5,0.3049040511727079
XGBoost (structured),0.5017543859649123,0.3049040511727079
XGBoost (structured),0.5035211267605634,0.3049040511727079
XGBoost (structured),0.5053003533568905,0.3049040511727079
XGBoost (structured),0.5070921985815603,0.3049040511727079
XGBoost (structured),0.5088967971530249,0.3049040511727079
XGBoost (structured),0.5107142857142857,0.3049040511727079
XGBoost (structured),0.5125448028673835,0.3049040511727079
XGBoost (structured),0.5107913669064749,0.302771855010661
XGBoost (structured),0.5126353790613718,0.302771855010661
XGBoost (structured),0.5108695652173914,0.3006396588486141
XGBoost (structured),0.5127272727272727,0.3006396588486141
XGBoost (structured),0.5109489051094891,0.29850746268656714
XGBoost (structured),0.5128205128205128,0.29850746268656714
XGBoost (structured),0.5110294117647058,0.29637526652452023
XGBoost (structured),0.5129151291512916,0.29637526652452023
XGBoost (structured),0.5148148148148148,0.29637526652452023
XGBoost (structured),0.5130111524163569,0.2942430703624733
XGBoost (structured),0.5111940298507462,0.2921108742004264
XGBoost (structured),0.5131086142322098,0.2921108742004264
XGBoost (structured),0.5150375939849624,0.2921108742004264
XGBoost (structured),0.5169811320754717,0.2921108742004264
XGBoost (structured),0.5189393939393939,0.2921108742004264
XGBoost (structured),0.5171102661596958,0.2899786780383795
XGBoost (structured),0.5172413793103449,0.2878464818763326
XGBoost (structured),0.5153846153846153,0.2857142857142857
XGBoost (structured),0.5173745173745173,0.2857142857142857
XGBoost (structured),0.5193798449612403,0.2857142857142857
XGBoost (structured),0.5214007782101168,0.2857142857142857
XGBoost (structured),0.5234375,0.2857142857142857
XGBoost (structured),0.5215686274509804,0.2835820895522388
XGBoost (structured),0.5236220472440944,0.2835820895522388
XGBoost (structured),0.5217391304347826,0.2814498933901919
XGBoost (structured),0.5198412698412699,0.279317697228145
XGBoost (structured),0.5179282868525896,0.2771855010660981
XGBoost (structured),0.5224489795918368,0.27292110874200426
XGBoost (structured),0.5204918032786885,0.27078891257995735
XGBoost (structured),0.5185185185185185,0.26865671641791045
XGBoost (structured),0.5206611570247934,0.26865671641791045
XGBoost (structured),0.5228215767634855,0.26865671641791045
XGBoost (structured),0.525,0.26865671641791045
XGBoost (structured),0.5271966527196653,0.26865671641791045
XGBoost (structured),0.5252100840336135,0.26652452025586354
XGBoost (structured),0.5232067510548524,0.26439232409381663
XGBoost (structured),0.5254237288135594,0.26439232409381663
XGBoost (structured),0.5276595744680851,0.26439232409381663
XGBoost (structured),0.5299145299145299,0.26439232409381663
XGBoost (structured),0.5238095238095238,0.2579957356076759
XGBoost (structured),0.5260869565217391,0.2579957356076759
XGBoost (structured),0.5263157894736842,0.255863539445629
XGBoost (structured),0.5242290748898678,0.2537313432835821
XGBoost (structured),0.5221238938053098,0.2515991471215352
XGBoost (structured),0.52,0.24946695095948826
XGBoost (structured),0.5178571428571429,0.24733475479744135
XGBoost (structured),0.5201793721973094,0.24733475479744135
XGBoost (structured),0.5225225225225225,0.24733475479744135
XGBoost (structured),0.5248868778280543,0.24733475479744135
XGBoost (structured),0.5227272727272727,0.24520255863539445
XGBoost (structured),0.5251141552511416,0.24520255863539445
XGBoost (structured),0.5277777777777778,0.24307036247334754
XGBoost (structured),0.5302325581395348,0.24307036247334754
XGBoost (structured),0.5280373831775701,0.24093816631130063
XGBoost (structured),0.5258215962441315,0.23880597014925373
XGBoost (structured),0.5235849056603774,0.23667377398720682
XGBoost (structured),0.5169082125603864,0.2281449893390192
XGBoost (structured),0.5145631067961165,0.2260127931769723
XGBoost (structured),0.5170731707317073,0.2260127931769723
XGBoost (structured),0.5196078431372549,0.2260127931769723
XGBoost (structured),0.5221674876847291,0.2260127931769723
XGBoost (structured),0.5247524752475248,0.2260127931769723
XGBoost (structured),0.527363184079602,0.2260127931769723
XGBoost (structured),0.5276381909547738,0.22388059701492538
XGBoost (structured),0.5303030303030303,0.22388059701492538
XGBoost (structured),0.5279187817258884,0.22174840085287847
XGBoost (structured),0.5255102040816326,0.21961620469083157
XGBoost (structured),0.5230769230769231,0.21748400852878466
XGBoost (structured),0.5257731958762887,0.21748400852878466
XGBoost (structured),0.5235602094240838,0.21321961620469082
XGBoost (structured),0.5263157894736842,0.21321961620469082
XGBoost (structured),0.5291005291005291,0.21321961620469082
XGBoost (structured),0.5319148936170213,0.21321961620469082
XGBoost (structured),0.5347593582887701,0.21321961620469082
XGBoost (structured),0.5376344086021505,0.21321961620469082
XGBoost (structured),0.5405405405405406,0.21321961620469082
XGBoost (structured),0.5380434782608695,0.21108742004264391
XGBoost (structured),0.5409836065573771,0.21108742004264391
XGBoost (structured),0.5469613259668509,0.21108742004264391
XGBoost (structured),0.5444444444444444,0.208955223880597
XGBoost (structured),0.547486033519553,0.208955223880597
XGBoost (structured),0.550561797752809,0.208955223880597
XGBoost (structured),0.5536723163841808,0.208955223880597
XGBoost (structured),0.5568181818181818,0.208955223880597
XGBoost (structured),0.56,0.208955223880597
XGBoost (structured),0.5632183908045977,0.208955223880597
XGBoost (structured),0.5664739884393064,0.208955223880597
XGBoost (structured),0.5697674418604651,0.208955223880597
XGBoost (structured),0.5672514619883041,0.2068230277185501
XGBoost (structured),0.5705882352941176,0.2068230277185501
XGBoost (structured),0.5739644970414202,0.2068230277185501
XGBoost (structured),0.5714285714285714,0.2046908315565032
XGBoost (structured),0.5748502994011976,0.2046908315565032
XGBoost (structured),0.572289156626506,0.2025586353944563
XGBoost (structured),0.5757575757575758,0.2025586353944563
XGBoost (structured),0.573170731707317,0.20042643923240938
XGBoost (structured),0.5766871165644172,0.20042643923240938
XGBoost (structured),0.5802469135802469,0.20042643923240938
XGBoost (structured),0.577639751552795,0.19829424307036247
XGBoost (structured),0.58125,0.19829424307036247
XGBoost (structured),0.5849056603773585,0.19829424307036247
XGBoost (structured),0.5822784810126582,0.19616204690831557
XGBoost (structured),0.5859872611464968,0.19616204690831557
XGBoost (structured),0.5833333333333334,0.19402985074626866
XGBoost (structured),0.5870967741935483,0.19402985074626866
XGBoost (structured),0.5844155844155844,0.19189765458422176
XGBoost (structured),0.5816993464052288,0.18976545842217485
XGBoost (structured),0.5789473684210527,0.18763326226012794
XGBoost (structured),0.5827814569536424,0.18763326226012794
XGBoost (structured),0.5866666666666667,0.18763326226012794
XGBoost (structured),0.5838926174496645,0.18550106609808104
XGBoost (structured),0.581081081081081,0.18336886993603413
XGBoost (structured),0.5850340136054422,0.18336886993603413
XGBoost (structured),0.589041095890411,0.18336886993603413
XGBoost (structured),0.593103448275862,0.18336886993603413
XGBoost (structured),0.5971223021582733,0.17697228144989338
XGBoost (structured),0.5942028985507246,0.17484008528784648
XGBoost (structured),0.5985401459854015,0.17484008528784648
XGBoost (structured),0.6029411764705882,0.17484008528784648
XGBoost (structured),0.6,0.17270788912579957
XGBoost (structured),0.5970149253731343,0.17057569296375266
XGBoost (structured),0.6015037593984962,0.17057569296375266
XGBoost (structured),0.6060606060606061,0.17057569296375266
XGBoost (structured),0.6030534351145038,0.16844349680170576
XGBoost (structured),0.6076923076923076,0.16844349680170576
XGBoost (structured),0.6124031007751938,0.16844349680170576
XGBoost (structured),0.6171875,0.16844349680170576
XGBoost (structured),0.6141732283464567,0.16631130063965885
XGBoost (structured),0.6190476190476191,0.16631130063965885
XGBoost (structured),0.616,0.16417910447761194
XGBoost (structured),0.6129032258064516,0.16204690831556504
XGBoost (structured),0.6065573770491803,0.15778251599147122
XGBoost (structured),0.6033057851239669,0.15565031982942432
XGBoost (structured),0.6083333333333333,0.15565031982942432
XGBoost (structured),0.6134453781512605,0.15565031982942432
XGBoost (structured),0.6101694915254238,0.1535181236673774
XGBoost (structured),0.6153846153846154,0.1535181236673774
XGBoost (structured),0.6206896551724138,0.1535181236673774
XGBoost (structured),0.6173913043478261,0.1513859275053305
XGBoost (structured),0.6140350877192983,0.14925373134328357
XGBoost (structured),0.6194690265486725,0.14925373134328357
XGBoost (structured),0.625,0.14925373134328357
XGBoost (structured),0.6216216216216216,0.14712153518123666
XGBoost (structured),0.6181818181818182,0.14498933901918976
XGBoost (structured),0.6238532110091743,0.14498933901918976
XGBoost (structured),0.6203703703703703,0.14285714285714285
XGBoost (structured),0.616822429906542,0.14072494669509594
XGBoost (structured),0.6132075471698113,0.13859275053304904
XGBoost (structured),0.6190476190476191,0.13859275053304904
XGBoost (structured),0.625,0.13859275053304904
XGBoost (structured),0.6310679611650486,0.13859275053304904
XGBoost (structured),0.6372549019607843,0.13859275053304904
XGBoost (structured),0.6435643564356436,0.13859275053304904
XGBoost (structured),0.65,0.13859275053304904
XGBoost (structured),0.6464646464646465,0.13646055437100213
XGBoost (structured),0.6530612244897959,0.13646055437100213
XGBoost (structured),0.6494845360824743,0.13432835820895522
XGBoost (structured),0.6458333333333334,0.13219616204690832
XGBoost (structured),0.6421052631578947,0.1300639658848614
XGBoost (structured),0.648936170212766,0.1300639658848614
XGBoost (structured),0.6451612903225806,0.1279317697228145
XGBoost (structured),0.6521739130434783,0.1279317697228145
XGBoost (structured),0.6483516483516484,0.1257995735607676
XGBoost (structured),0.6444444444444445,0.12366737739872068
XGBoost (structured),0.6404494382022472,0.12153518123667377
XGBoost (structured),0.6363636363636364,0.11940298507462686
XGBoost (structured),0.6436781609195402,0.11940298507462686
XGBoost (structured),0.6511627906976745,0.11940298507462686
XGBoost (structured),0.6470588235294118,0.11727078891257996
XGBoost (structured),0.6547619047619048,0.11727078891257996
XGBoost (structured),0.6506024096385542,0.11513859275053305
XGBoost (structured),0.6463414634146342,0.11300639658848614
XGBoost (structured),0.654320987654321,0.11300639658848614
XGBoost (structured),0.6625,0.11300639658848614
XGBoost (structured),0.6582278481012658,0.11087420042643924
XGBoost (structured),0.6666666666666666,0.11087420042643924
XGBoost (structured),0.6753246753246753,0.11087420042643924
XGBoost (structured),0.6842105263157895,0.11087420042643924
XGBoost (structured),0.68,0.10874200426439233
XGBoost (structured),0.6891891891891891,0.10874200426439233
XGBoost (structured),0.684931506849315,0.10660980810234541
XGBoost (structured),0.6805555555555556,0.1044776119402985
XGBoost (structured),0.6901408450704225,0.1044776119402985
XGBoost (structured),0.7,0.1044776119402985
XGBoost (structured),0.6956521739130435,0.1023454157782516
XGBoost (structured),0.6911764705882353,0.10021321961620469
XGBoost (structured),0.6865671641791045,0.09808102345415778
XGBoost (structured),0.6818181818181818,0.09594882729211088
XGBoost (structured),0.676923076923077,0.09381663113006397
XGBoost (structured),0.671875,0.09168443496801706
XGBoost (structured),0.6666666666666666,0.08955223880597014
XGBoost (structured),0.6774193548387096,0.08955223880597014
XGBoost (structured),0.6885245901639344,0.08955223880597014
XGBoost (structured),0.7,0.08955223880597014
XGBoost (structured),0.6949152542372882,0.08742004264392324
XGBoost (structured),0.6896551724137931,0.08528784648187633
XGBoost (structured),0.6842105263157895,0.08315565031982942
XGBoost (structured),0.6964285714285714,0.08315565031982942
XGBoost (structured),0.6909090909090909,0.08102345415778252
XGBoost (structured),0.6851851851851852,0.07889125799573561
XGBoost (structured),0.6792452830188679,0.0767590618336887
XGBoost (structured),0.6923076923076923,0.0767590618336887
XGBoost (structured),0.6862745098039216,0.07462686567164178
XGBoost (structured),0.68,0.07249466950959488
XGBoost (structured),0.673469387755102,0.07036247334754797
XGBoost (structured),0.6666666666666666,0.06823027718550106
XGBoost (structured),0.6808510638297872,0.06823027718550106
XGBoost (structured),0.6818181818181818,0.06396588486140725
XGBoost (structured),0.6976744186046512,0.06396588486140725
XGBoost (structured),0.6904761904761905,0.06183368869936034
XGBoost (structured),0.7073170731707317,0.06183368869936034
XGBoost (structured),0.725,0.06183368869936034
XGBoost (structured),0.717948717948718,0.05970149253731343
XGBoost (structured),0.7105263157894737,0.057569296375266525
XGBoost (structured),0.7297297297297297,0.057569296375266525
XGBoost (structured),0.7222222222222222,0.05543710021321962
XGBoost (structured),0.7142857142857143,0.053304904051172705
XGBoost (structured),0.75,0.0511727078891258
XGBoost (structured),0.7419354838709677,0.04904051172707889
XGBoost (structured),0.7407407407407407,0.042643923240938165
XGBoost (structured),0.76,0.04051172707889126
XGBoost (structured),0.75,0.03837953091684435
XGBoost (structured),0.782608695652174,0.03837953091684435
XGBoost (structured),0.8571428571428571,0.03837953091684435
XGBoost (structured),0.85,0.03624733475479744
XGBoost (structured),0.8125,0.02771855010660981
XGBoost (structured),0.8,0.0255863539445629
XGBoost (structured),0.8333333333333334,0.021321961620469083
XGBoost (structured),0.8181818181818182,0.019189765458422176
XGBoost (structured),0.8,0.017057569296375266
XGBoost (structured),0.7777777777777778,0.014925373134328358
XGBoost (structured),0.8333333333333334,0.010660980810234541
XGBoost (structured),1.0,0.010660980810234541
XGBoost (structured),1.0,0.0
XGBoost (structured + text),0.22091380122468204,1.0
XGBoost (structured + text),0.22101790763430726,1.0
XGBoost (structured + text),0.22122641509433963,1.0
XGBoost (structured + text),0.2214353163361662,1.0
XGBoost (structured + text),0.22153991497401984,1.0
XGBoost (structured + text),0.22174940898345152,1.0
XGBoost (structured + text),0.22185430463576158,1.0
XGBoost (structured + text),0.22195929957406532,1.0
XGBoost (structured + text),0.22206439393939395,1.0
XGBoost (structured + text),0.22216958787304594,1.0
XGBoost (structured + text),0.22227488151658767,1.0
XGBoost (structured + text),0.22238027501185395,1.0
XGBoost (structured + text),0.22248576850094876,1.0
XGBoost (structured + text),0.22259136212624583,1.0
XGBoost (structured + text),0.22269705603038936,1.0
XGBoost (structured + text),0.22280285035629455,1.0
XGBoost (structured + text),0.2229087452471483,1.0
XGBoost (structured + text),0.2230147408464099,1.0
XGBoost (structured + text),0.2231208372978116,1.0
XGBoost (structured + text),0.22322703474535935,1.0
XGBoost (structured + text),0.22333333333333333,1.0
XGBoost (structured + text),0.2234397332062887,1.0
XGBoost (structured + text),0.22354623450905625,1.0
XGBoost (structured + text),0.22365283738674296,1.0
XGBoost (structured + text),0.22375954198473283,1.0
XGBoost (structured + text),0.22386634844868736,1.0
XGBoost (structured + text),0.2239732569245463,1.0
XGBoost (structured + text),0.22408026755852842,1.0
XGBoost (structured + text),0.22418738049713194,1.0
XGBoost (structured + text),0.22429459588713535,1.0
XGBoost (structured + text),0.22440191387559807,1.0
XGBoost (structured + text),0.22450933460986117,1.0
XGBoost (structured + text),0.2246168582375479,1.0
XGBoost (structured + text),0.22472448490656444,1.0
XGBoost (structured + text),0.22483221476510068,1.0
XGBoost (structured + text),0.2249400479616307,1.0
XGBoost (structured + text),0.22504798464491363,1.0
XGBoost (structured + text),0.22515602496399423,1.0
XGBoost (structured + text),0.22526416906820365,1.0
XGBoost (structured + text),0.22537241710716002,1.0
XGBoost (structured + text),0.22548076923076923,1.0
XGBoost (structured + text),0.2255892255892256,1.0
XGBoost (structured + text),0.22569778633301252,1.0
XGBoost (structured + text),0.22580645161290322,1.0
XGBoost (structured + text),0.22591522157996147,1.0
XGBoost (structured + text),0.22602409638554216,1.0
XGBoost (structured + text),0.2261330761812922,1.0
XGBoost (structured + text),0.226242161119151,1.0
XGBoost (structured + text),0.22635135135135134,1.0
XGBoost (structured + text),0.2264606470304201,1.0
XGBoost (structured + text),0.22657004830917873,1.0
XGBoost (structured + text),0.22667955534074433,1.0
XGBoost (structured + text),0.22678916827853,1.0
XGBoost (structured + text),0.22689888727624577,1.0
XGBoost (structured + text),0.22700871248789933,1.0
XGBoost (structured + text),0.2271186440677966,1.0
XGBoost (structured + text),0.22722868217054262,1.0
XGBoost (structured + text),0.22733882695104218,1.0
XGBoost (structured + text),0.22744907856450047,1.0
XGBoost (structured + text),0.22755943716642407,1.0
XGBoost (structured + text),0.22766990291262135,1.0
XGBoost (structured + text),0.2277804759592035,1.0
XGBoost (structured + text),0.22789115646258504,1.0
XGBoost (structured + text),0.2280019445794847,1.0
XGBoost (structured + text),0.22811284046692606,1.0
XGBoost (structured + text),0.22822384428223844,1.0
XGBoost (structured + text),0.22833495618305744,1.0
XGBoost (structured + text),0.22844617632732586,1.0
XGBoost (structured + text),0.22855750487329435,1.0
XGBoost (structured + text),0.22866894197952217,1.0
XGBoost (structured + text),0.22878048780487806,1.0
XGBoost (structured + text),0.22889214250854076,1.0
XGBoost (structured + text),0.22900390625,1.0
XGBoost (structured + text),0.22911577918905715,1.0
XGBoost (structured + text),0.229227761485826,1.0
XGBoost (structured + text),0.2293398533007335,1.0
XGBoost (structured + text),0.22945205479452055,1.0
XGBoost (structured + text),0.22956436612824277,1.0
XGBoost (structured + text),0.2296767874632713,1.0
XGBoost (structured + text),0.22978931896129348,1.0
XGBoost (structured + text),0.2299019607843137,1.0
XGBoost (structured + text),0.23001471309465424,1.0
XGBoost (structured + text),0.23012757605495585,1.0
XGBoost (structured + text),0.23024054982817868,1.0
XGBoost (structured + text),0.23035363457760313,1.0
XGBoost (structured + text),0.23229321446260526,1.0
XGBoost (structured + text),0.232408325074331,1.0
XGBoost (structured + text),0.23252354982647497,1.0
XGBoost (structured + text),0.2326388888888889,1.0
XGBoost (structured + text),0.2327543424317618,1.0
XGBoost (structured + text),0.23298559364133134,1.0
XGBoost (structured + text),0.23321730482347092,1.0
XGBoost (structured + text),0.23333333333333334,1.0
XGBoost (structured + text),0.23344947735191637,1.0
XGBoost (structured + text),0.23306772908366533,0.997867803837953
XGBoost (structured + text),0.23318385650224216,0.997867803837953
XGBoost (structured + text),0.2333000997008973,0.997867803837953
XGBoost (structured + text),0.23341645885286783,0.997867803837953
XGBoost (structured + text),0.23353293413173654,0.997867803837953
XGBoost (structured + text),0.23364952571143285,0.997867803837953
XGBoost (structured + text),0.23376623376623376,0.997867803837953
XGBoost (structured + text),0.23388305847076463,0.997867803837953
XGBoost (structured + text),0.234,0.997867803837953
XGBoost (structured + text),0.23411705852926462,0.997867803837953
XGBoost (structured + text),0.23423423423423423,0.997867803837953
XGBoost (structured + text),0.23435152729093642,0.997867803837953
XGBoost (structured + text),0.23446893787575152,0.997867803837953
XGBoost (structured + text),0.23470411233701102,0.997867803837953
XGBoost (structured + text),0.23482187656798795,0.997867803837953
XGBoost (structured + text),0.23493975903614459,0.997867803837953
XGBoost (structured + text),0.23505775991963837,0.997867803837953
XGBoost (structured + text),0.23517587939698492,0.997867803837953
XGBoost (structured + text),0.23529411764705882,0.997867803837953
XGBoost (structured + text),0.23576826196473552,0.997867803837953
XGBoost (structured + text),0.23588709677419356,0.997867803837953
XGBoost (structured + text),0.23600605143721634,0.997867803837953
XGBoost (structured + text),0.23612512613521694,0.997867803837953
XGBoost (structured + text),0.23624432104997475,0.997867803837953
XGBoost (structured + text),0.23636363636363636,0.997867803837953
XGBoost (structured + text),0.23648307225871654,0.997867803837953
XGBoost (structured + text),0.23660262891809908,0.997867803837953
XGBoost (structured + text),0.23672230652503792,0.997867803837953
XGBoost (structured + text),0.23684210526315788,0.997867803837953
XGBoost (structured + text),0.2369620253164557,0.997867803837953
XGBoost (structured + text),0.23708206686930092,0.997867803837953
XGBoost (structured + text),0.2372022301064369,0.997867803837953
XGBoost (structured + text),0.23732251521298176,0.997867803837953
XGBoost (structured + text),0.2374429223744292,0.997867803837953
XGBoost (structured + text),0.23756345177664975,0.997867803837953
XGBoost (structured + text),0.23768410360589132,0.997867803837953
XGBoost (structured + text),0.23780487804878048,0.997867803837953
XGBoost (structured + text),0.23792577529232334,0.997867803837953
XGBoost (structured + text),0.2380467955239064,0.997867803837953
XGBoost (structured + text),0.2381679389312977,0.997867803837953
XGBoost (structured + text),0.23778004073319756,0.9957356076759062
XGBoost (structured + text),0.2379011716760061,0.9957356076759062
XGBoost (structured + text),0.23802242609582058,0.9957356076759062
XGBoost (structured + text),0.2376338602753697,0.9936034115138592
XGBoost (structured + text),0.23775510204081632,0.9936034115138592
XGBoost (structured + text),0.23787646758550282,0.9936034115138592
XGBoost (structured + text),0.23748723186925433,0.9914712153518124
XGBoost (structured + text),0.23760858456821665,0.9914712153518124
XGBoost (structured + text),0.23773006134969324,0.9914712153518124
XGBoost (structured + text),0.23785166240409208,0.9914712153518124
XGBoost (structured + text),0.23797338792221084,0.9914712153518124
XGBoost (structured + text),0.23809523809523808,0.9914712153518124
XGBoost (structured + text),0.23833931317273194,0.9914712153518124
XGBoost (structured + text),0.23846153846153847,0.9914712153518124
XGBoost (structured + text),0.23858388917393536,0.9914712153518124
XGBoost (structured + text),0.23870636550308008,0.9914712153518124
XGBoost (structured + text),0.23882896764252695,0.9914712153518124
XGBoost (structured + text),0.23895169578622816,0.9914712153518124
XGBoost (structured + text),0.2390745501285347,0.9914712153518124
XGBoost (structured + text),0.23919753086419754,0.9914712153518124
XGBoost (structured + text),0.2393206381883685,0.9914712153518124
XGBoost (structured + text),0.23944387229660144,0.9914712153518124
XGBoost (structured + text),0.2390520350334879,0.9893390191897654
XGBoost (structured + text),0.23917525773195877,0.9893390191897654
XGBoost (structured + text),0.23929860752965446,0.9893390191897654
XGBoost (structured + text),0.239422084623323,0.9893390191897654
XGBoost (structured + text),0.23954568921011873,0.9893390191897654
XGBoost (structured + text),0.2396694214876033,0.9893390191897654
XGBoost (structured + text),0.2392764857881137,0.9872068230277186
XGBoost (structured + text),0.2394002068252327,0.9872068230277186
XGBoost (structured + text),0.23952405587170203,0.9872068230277186
XGBoost (structured + text),0.23964803312629399,0.9872068230277186
XGBoost (structured + text),0.23977213878819265,0.9872068230277186
XGBoost (structured + text),0.23989637305699482,0.9872068230277186
XGBoost (structured + text),0.24002073613271124,0.9872068230277186
XGBoost (structured + text),0.24014522821576764,0.9872068230277186
XGBoost (structured + text),0.23975090814737934,0.9850746268656716
XGBoost (structured + text),0.2398753894080997,0.9850746268656716
XGBoost (structured + text),0.24,0.9850746268656716
XGBoost (structured + text),0.24012474012474014,0.9850746268656716
XGBoost (structured + text),0.23972958918356735,0.9829424307036247
XGBoost (structured + text),0.2393340270551509,0.9808102345415778
XGBoost (structured + text),0.2394586153045289,0.9808102345415778
XGBoost (structured + text),0.23958333333333334,0.9808102345415778
XGBoost (structured + text),0.23918707660239708,0.9786780383795309
XGBoost (structured + text),0.23931178310740356,0.9786780383795309
XGBoost (structured + text),0.2389149713093375,0.976545842217484
XGBoost (structured + text),0.23903966597077245,0.976545842217484
XGBoost (structured + text),0.2391644908616188,0.976545842217484
XGBoost (structured + text),0.2392894461859979,0.976545842217484
XGBoost (structured + text),0.23941453214845793,0.976545842217484
XGBoost (structured + text),0.2395397489539749,0.976545842217484
XGBoost (structured + text),0.23966509680795395,0.976545842217484
XGBoost (structured + text),0.23926701570680628,0.9744136460554371
XGBoost (structured + text),0.2393923520167627,0.9744136460554371
XGBoost (structured + text),0.23951781970649896,0.9744136460554371
XGBoost (structured + text),0.23964341898269534,0.9744136460554371
XGBoost (structured + text),0.2397691500524659,0.9744136460554371
XGBoost (structured + text),0.24002100840336135,0.9744136460554371
XGBoost (structured + text),0.24014713610089333,0.9744136460554371
XGBoost (structured + text),0.240273396424816,0.9744136460554371
XGBoost (structured + text),0.24039978958442926,0.9744136460554371
XGBoost (structured + text),0.24052631578947367,0.9744136460554371
XGBoost (structured + text),0.24065297525013166,0.9744136460554371
XGBoost (structured + text),0.24077976817702845,0.9744136460554371
XGBoost (structured + text),0.24090669478123353,0.9744136460554371
XGBoost (structured + text),0.24050632911392406,0.9722814498933902
XGBoost (structured + text),0.24063324538258576,0.9722814498933902
XGBoost (structured + text),0.24076029567053855,0.9722814498933902
XGBoost (structured + text),0.24088748019017434,0.9722814498933902
XGBoost (structured + text),0.24101479915433405,0.9722814498933902
XGBoost (structured + text),0.24114225277630882,0.9722814498933902
XGBoost (structured + text),0.24126984126984127,0.9722814498933902
XGBoost (structured + text),0.24139756484912653,0.9722814498933902
XGBoost (structured + text),0.24152542372881355,0.9722814498933902
XGBoost (structured + text),0.24165341812400637,0.9722814498933902
XGBoost (structured + text),0.2417815482502651,0.9722814498933902
XGBoost (structured + text),0.24190981432360742,0.9722814498933902
XGBoost (structured + text),0.24203821656050956,0.9722814498933902
XGBoost (structured + text),0.2421667551779076,0.9722814498933902
XGBoost (structured + text),0.24229543039319873,0.9722814498933902
XGBoost (structured + text),0.24242424242424243,0.9722814498933902
XGBoost (structured + text),0.2425531914893617,0.9722814498933902
XGBoost (structured + text),0.24268227780734433,0.9722814498933902
XGBoost (structured + text),0.24281150159744408,0.9722814498933902
XGBoost (structured + text),0.2424080980287693,0.9701492537313433
XGBoost (structured + text),0.24253731343283583,0.9701492537313433
XGBoost (structured + text),0.24266666666666667,0.9701492537313433
XGBoost (structured + text),0.24279615795090714,0.9701492537313433
XGBoost (structured + text),0.2429257875066738,0.9701492537313433
XGBoost (structured + text),0.24305555555555555,0.9701492537313433
XGBoost (structured + text),0.2431854623196152,0.9701492537313433
XGBoost (structured + text),0.24331550802139038,0.9701492537313433
XGBoost (structured + text),0.24344569288389514,0.9701492537313433
XGBoost (structured + text),0.243576017130621,0.9701492537313433
XGBoost (structured + text),0.2437064809855383,0.9701492537313433
XGBoost (structured + text),0.24383708467309753,0.9701492537313433
XGBoost (structured + text),0.24343163538873994,0.9680170575692963
XGBoost (structured + text),0.24302575107296137,0.9658848614072495
XGBoost (structured + text),0.2431561996779388,0.9658848614072495
XGBoost (structured + text),0.24328678839957035,0.9658848614072495
XGBoost (structured + text),0.24341751746372917,0.9658848614072495
XGBoost (structured + text),0.24301075268817204,0.9637526652452025
XGBoost (structured + text),0.24314147391070468,0.9637526652452025
XGBoost (structured + text),0.2432723358449946,0.9637526652452025
XGBoost (structured + text),0.24286483575659665,0.9616204690831557
XGBoost (structured + text),0.2429956896551724,0.9616204690831557
XGBoost (structured + text),0.2431266846361186,0.9616204690831557
XGBoost (structured + text),0.24325782092772383,0.9616204690831557
XGBoost (structured + text),0.24338909875876957,0.9616204690831557
XGBoost (structured + text),0.2435205183585313,0.9616204690831557
XGBoost (structured + text),0.24365207995678012,0.9616204690831557
XGBoost (structured + text),0.2437837837837838,0.9616204690831557
XGBoost (structured + text),0.24391563007030828,0.9616204690831557
XGBoost (structured + text),0.24404761904761904,0.9616204690831557
XGBoost (structured + text),0.2441797509474824,0.9616204690831557
XGBoost (structured + text),0.2437703141928494,0.9594882729211087
XGBoost (structured + text),0.24390243902439024,0.9594882729211087
XGBoost (structured + text),0.2440347071583514,0.9594882729211087
XGBoost (structured + text),0.24416711882799783,0.9594882729211087
XGBoost (structured + text),0.24375678610206297,0.9573560767590619
XGBoost (structured + text),0.24388919065725148,0.9573560767590619
XGBoost (structured + text),0.2440217391304348,0.9573560767590619
XGBoost (structured + text),0.24415443175638935,0.9573560767590619
XGBoost (structured + text),0.2442872687704026,0.9573560767590619
XGBoost (structured + text),0.24442025040827436,0.9573560767590619
XGBoost (structured + text),0.2445533769063181,0.9573560767590619
XGBoost (structured + text),0.2446866485013624,0.9573560767590619
XGBoost (structured + text),0.24482006543075246,0.9573560767590619
XGBoost (structured + text),0.24495362793235134,0.9573560767590619
XGBoost (structured + text),0.2450873362445415,0.9573560767590619
XGBoost (structured + text),0.2452211906062261,0.9573560767590619
XGBoost (structured + text),0.2453551912568306,0.9573560767590619
XGBoost (structured + text),0.245489338436304,0.9573560767590619
XGBoost (structured + text),0.24562363238512036,0.9573560767590619
XGBoost (structured + text),0.24575807334428024,0.9573560767590619
XGBoost (structured + text),0.24589266155531217,0.9573560767590619
XGBoost (structured + text),0.24602739726027398,0.9573560767590619
XGBoost (structured + text),0.2461622807017544,0.9573560767590619
XGBoost (structured + text),0.2462973121228744,0.9573560767590619
XGBoost (structured + text),0.24643249176728868,0.9573560767590619
XGBoost (structured + text),0.24656781987918727,0.9573560767590619
XGBoost (structured + text),0.24670329670329672,0.9573560767590619
XGBoost (structured + text),0.2468389224848818,0.9573560767590619
XGBoost (structured + text),0.24697469746974698,0.9573560767590619
XGBoost (structured + text),0.24711062190423774,0.9573560767590619
XGBoost (structured + text),0.2472466960352423,0.9573560767590619
XGBoost (structured + text),0.24683195592286503,0.9552238805970149
XGBoost (structured + text),0.24696802646085997,0.9552238805970149
XGBoost (structured + text),0.2471042471042471,0.9552238805970149
XGBoost (structured + text),0.24668874172185432,0.9530916844349681
XGBoost (structured + text),0.24682495858641634,0.9530916844349681
XGBoost (structured + text),0.24640883977900552,0.9509594882729211
XGBoost (structured + text),0.24654505251520176,0.9509594882729211
XGBoost (structured + text),0.24668141592920353,0.9509594882729211
XGBoost (structured + text),0.2468179302711677,0.9509594882729211
XGBoost (structured + text),0.2469545957918051,0.9509594882729211
XGBoost (structured + text),0.24709141274238228,0.9509594882729211
XGBoost (structured + text),0.24722838137472283,0.9509594882729211
XGBoost (structured + text),0.2473655019412091,0.9509594882729211
XGBoost (structured + text),0.24750277469478357,0.9509594882729211
XGBoost (structured + text),0.24764019988895059,0.9509594882729211
XGBoost (structured + text),0.2477777777777778,0.9509594882729211
XGBoost (structured + text),0.24791550861589773,0.9509594882729211
XGBoost (structured + text),0.24805339265850945,0.9509594882729211
XGBoost (structured + text),0.24819143016138007,0.9509594882729211
XGBoost (structured + text),0.24832962138084633,0.9509594882729211
XGBoost (structured + text),0.24846796657381615,0.9509594882729211
XGBoost (structured + text),0.2480490523968785,0.9488272921108742
XGBoost (structured + text),0.24818739542665924,0.9488272921108742
XGBoost (structured + text),0.24832589285714285,0.9488272921108742
XGBoost (structured + text),0.248464544946957,0.9488272921108742
XGBoost (structured + text),0.24860335195530725,0.9488272921108742
XGBoost (structured + text),0.24818334264952488,0.9466950959488273
XGBoost (structured + text),0.2477628635346756,0.9445628997867804
XGBoost (structured + text),0.24790151091214327,0.9445628997867804
XGBoost (structured + text),0.24804031354983203,0.9445628997867804
XGBoost (structured + text),0.24817927170868348,0.9445628997867804
XGBoost (structured + text),0.2483183856502242,0.9445628997867804
XGBoost (structured + text),0.24789680314077397,0.9424307036247335
XGBoost (structured + text),0.24817518248175183,0.9424307036247335
XGBoost (structured + text),0.24775280898876403,0.9402985074626866
XGBoost (structured + text),0.2478920741989882,0.9402985074626866
XGBoost (structured + text),0.24845070422535212,0.9402985074626866
XGBoost (structured + text),0.24859075535512964,0.9402985074626866
XGBoost (structured + text),0.24873096446700507,0.9402985074626866
XGBoost (structured + text),0.24830699774266365,0.9381663113006397
XGBoost (structured + text),0.2478825522303783,0.9360341151385928
XGBoost (structured + text),0.2480225988700565,0.9360341151385928
XGBoost (structured + text),0.24816280384397965,0.9360341151385928
XGBoost (structured + text),0.24830316742081449,0.9360341151385928
XGBoost (structured + text),0.2484436898698359,0.9360341151385928
XGBoost (structured + text),0.24858437146092865,0.9360341151385928
XGBoost (structured + text),0.24872521246458923,0.9360341151385928
XGBoost (structured + text),0.24886621315192745,0.9360341151385928
XGBoost (structured + text),0.24900737379466817,0.9360341151385928
XGBoost (structured + text),0.24914869466515324,0.9360341151385928
XGBoost (structured + text),0.249290176036343,0.9360341151385928
XGBoost (structured + text),0.24943181818181817,0.9360341151385928
XGBoost (structured + text),0.2495736213757817,0.9360341151385928
XGBoost (structured + text),0.24971558589306028,0.9360341151385928
XGBoost (structured + text),0.24985771200910642,0.9360341151385928
XGBoost (structured + text),0.25,0.9360341151385928
XGBoost (structured + text),0.2501424501424501,0.9360341151385928
XGBoost (structured + text),0.250285062713797,0.9360341151385928
XGBoost (structured + text),0.2504278379920137,0.9360341151385928
XGBoost (structured + text),0.2505707762557078,0.9360341151385928
XGBoost (structured + text),0.25071387778412335,0.9360341151385928
XGBoost (structured + text),0.25085714285714283,0.9360341151385928
XGBoost (structured + text),0.2510005717552887,0.9360341151385928
XGBoost (structured + text),0.2511441647597254,0.9360341151385928
XGBoost (structured + text),0.25128792215226103,0.9360341151385928
XGBoost (structured + text),0.25143184421534936,0.9360341151385928
XGBoost (structured + text),0.2510028653295129,0.9339019189765458
XGBoost (structured + text),0.2511467889908257,0.9339019189765458
XGBoost (structured + text),0.2512908777969019,0.9339019189765458
XGBoost (structured + text),0.25143513203214696,0.9339019189765458
XGBoost (structured + text),0.25157955198161974,0.9339019189765458
XGBoost (structured + text),0.2517241379310345,0.9339019189765458
XGBoost (structured + text),0.2518688901667625,0.9339019189765458
XGBoost (structured + text),0.2520138089758343,0.9339019189765458
XGBoost (structured + text),0.25215889464594127,0.9339019189765458
XGBoost (structured + text),0.2523041474654378,0.9339019189765458
XGBoost (structured + text),0.2524495677233429,0.9339019189765458
XGBoost (structured + text),0.25259515570934254,0.9339019189765458
XGBoost (structured + text),0.2527409117137911,0.9339019189765458
XGBoost (structured + text),0.2528868360277136,0.9339019189765458
XGBoost (structured + text),0.2530329289428076,0.9339019189765458
XGBoost (structured + text),0.25317919075144507,0.9339019189765458
XGBoost (structured + text),0.2533256217466744,0.9339019189765458
XGBoost (structured + text),0.2534722222222222,0.9339019189765458
XGBoost (structured + text),0.25361899247249564,0.9339019189765458
XGBoost (structured + text),0.253765932792584,0.9339019189765458
XGBoost (structured + text),0.2539130434782609,0.9339019189765458
XGBoost (structured + text),0.25406032482598606,0.9339019189765458
XGBoost (structured + text),0.2542077771329077,0.9339019189765458
XGBoost (structured + text),0.25435540069686413,0.9339019189765458
XGBoost (structured + text),0.2545031958163858,0.9339019189765458
XGBoost (structured + text),0.25465116279069766,0.9339019189765458
XGBoost (structured + text),0.2547993019197208,0.9339019189765458
XGBoost (structured + text),0.2549476135040745,0.9339019189765458
XGBoost (structured + text),0.25509609784507864,0.9339019189765458
XGBoost (structured + text),0.25524475524475526,0.9339019189765458
XGBoost (structured + text),0.2553935860058309,0.9339019189765458
XGBoost (structured + text),0.2555425904317386,0.9339019189765458
XGBoost (structured + text),0.25569176882662,0.9339019189765458
XGBoost (structured + text),0.2558411214953271,0.9339019189765458
XGBoost (structured + text),0.2559906487434249,0.9339019189765458
XGBoost (structured + text),0.256140350877193,0.9339019189765458
XGBoost (structured + text),0.25629022820362785,0.9339019189765458
XGBoost (structured + text),0.25644028103044497,0.9339019189765458
XGBoost (structured + text),0.2565905096660808,0.9339019189765458
XGBoost (structured + text),0.2567409144196952,0.9339019189765458
XGBoost (structured + text),0.256891495601173,0.9339019189765458
XGBoost (structured + text),0.25704225352112675,0.9339019189765458
XGBoost (structured + text),0.2571931884908984,0.9339019189765458
XGBoost (structured + text),0.25675675675675674,0.9317697228144989
XGBoost (structured + text),0.2569077013521458,0.9317697228144989
XGBoost (structured + text),0.2570588235294118,0.9317697228144989
XGBoost (structured + text),0.25721012360211887,0.9317697228144989
XGBoost (structured + text),0.2573616018845701,0.9317697228144989
XGBoost (structured + text),0.2575132586918091,0.9317697228144989
XGBoost (structured + text),0.25766509433962265,0.9317697228144989
XGBoost (structured + text),0.25781710914454276,0.9317697228144989
XGBoost (structured + text),0.2579693034238489,0.9317697228144989
XGBoost (structured + text),0.25812167749556997,0.9317697228144989
XGBoost (structured + text),0.2576832151300236,0.929637526652452
XGBoost (structured + text),0.25783560023654645,0.929637526652452
XGBoost (structured + text),0.2579881656804734,0.929637526652452
XGBoost (structured + text),0.2581409117821196,0.929637526652452
XGBoost (structured + text),0.25829383886255924,0.929637526652452
XGBoost (structured + text),0.25921521997621877,0.929637526652452
XGBoost (structured + text),0.2593694229625223,0.929637526652452
XGBoost (structured + text),0.25952380952380955,0.929637526652452
XGBoost (structured + text),0.2596783799880881,0.929637526652452
XGBoost (structured + text),0.2598331346841478,0.929637526652452
XGBoost (structured + text),0.2599880739415623,0.929637526652452
XGBoost (structured + text),0.26014319809069214,0.929637526652452
XGBoost (structured + text),0.26029850746268657,0.929637526652452
XGBoost (structured + text),0.26045400238948624,0.929637526652452
XGBoost (structured + text),0.26060968320382544,0.929637526652452
XGBoost (structured + text),0.2607655502392344,0.929637526652452
XGBoost (structured + text),0.26092160383004187,0.929637526652452
XGBoost (structured + text),0.26107784431137726,0.929637526652452
XGBoost (structured + text),0.26123427201917315,0.929637526652452
XGBoost (structured + text),0.26139088729016785,0.929637526652452
XGBoost (structured + text),0.2615476904619076,0.929637526652452
XGBoost (structured + text),0.2617046818727491,0.929637526652452
XGBoost (structured + text),0.2618618618618619,0.929637526652452
XGBoost (structured + text),0.2620192307692308,0.929637526652452
XGBoost (structured + text),0.26217678893565843,0.929637526652452
XGBoost (structured + text),0.26233453670276774,0.929637526652452
XGBoost (structured + text),0.26189042745334135,0.9275053304904051
XGBoost (structured + text),0.2620481927710843,0.9275053304904051
XGBoost (structured + text),0.26220614828209765,0.9275053304904051
XGBoost (structured + text),0.2623642943305187,0.9275053304904051
XGBoost (structured + text),0.26252263126131564,0.9275053304904051
XGBoost (structured + text),0.26268115942028986,0.9275053304904051
XGBoost (structured + text),0.2628398791540785,0.9275053304904051
XGBoost (structured + text),0.2629987908101572,0.9275053304904051
XGBoost (structured + text),0.26255293405928615,0.9253731343283582
XGBoost (structured + text),0.2627118644067797,0.9253731343283582
XGBoost (structured + text),0.2628709872804361,0.9253731343283582
XGBoost (structured + text),0.263030303030303,0.9253731343283582
XGBoost (structured + text),0.26318981200727715,0.9253731343283582
XGBoost (structured + text),0.2633495145631068,0.9253731343283582
XGBoost (structured + text),0.26350941105039466,0.9253731343283582
XGBoost (structured + text),0.26306196840826246,0.9232409381663113
XGBoost (structured + text),0.2632218844984802,0.9232409381663113
XGBoost (structured + text),0.26338199513381993,0.9232409381663113
XGBoost (structured + text),0.26293365794278756,0.9211087420042644
XGBoost (structured + text),0.2630937880633374,0.9211087420042644
XGBoost (structured + text),0.263254113345521,0.9211087420042644
XGBoost (structured + text),0.2634146341463415,0.9211087420042644
XGBoost (structured + text),0.26373626373626374,0.9211087420042644
XGBoost (structured + text),0.2638973732437385,0.9211087420042644
XGBoost (structured + text),0.26405867970660146,0.9211087420042644
XGBoost (structured + text),0.26422018348623855,0.9211087420042644
XGBoost (structured + text),0.26438188494492043,0.9211087420042644
XGBoost (structured + text),0.2645437844458053,0.9211087420042644
XGBoost (structured + text),0.2647058823529412,0.9211087420042644
XGBoost (structured + text),0.26486817903126914,0.9211087420042644
XGBoost (structured + text),0.2650306748466258,0.9211087420042644
XGBoost (structured + text),0.26519337016574585,0.9211087420042644
XGBoost (structured + text),0.26551936078672406,0.9211087420042644
XGBoost (structured + text),0.2656826568265683,0.9211087420042644
XGBoost (structured + text),0.2652307692307692,0.9189765458422174
XGBoost (structured + text),0.26539408866995073,0.9189765458422174
XGBoost (structured + text),0.2649414664202095,0.9168443496801706
XGBoost (structured + text),0.2651048088779285,0.9168443496801706
XGBoost (structured + text),0.2646514497223936,0.9147121535181236
XGBoost (structured + text),0.26481481481481484,0.9147121535181236
XGBoost (structured + text),0.2649783817171093,0.9147121535181236
XGBoost (structured + text),0.26514215080346104,0.9147121535181236
XGBoost (structured + text),0.2653061224489796,0.9147121535181236
XGBoost (structured + text),0.265470297029703,0.9147121535181236
XGBoost (structured + text),0.2656346749226006,0.9147121535181236
XGBoost (structured + text),0.26579925650557623,0.9147121535181236
XGBoost (structured + text),0.2661290322580645,0.9147121535181236
XGBoost (structured + text),0.26629422718808193,0.9147121535181236
XGBoost (structured + text),0.26645962732919254,0.9147121535181236
XGBoost (structured + text),0.2666252330640149,0.9147121535181236
XGBoost (structured + text),0.2667910447761194,0.9147121535181236
XGBoost (structured + text),0.2669570628500311,0.9147121535181236
XGBoost (structured + text),0.26650062266500624,0.9125799573560768
XGBoost (structured + text),0.26666666666666666,0.9125799573560768
XGBoost (structured + text),0.26683291770573564,0.9125799573560768
XGBoost (structured + text),0.26699937616968183,0.9125799573560768
XGBoost (structured + text),0.2671660424469413,0.9125799573560768
XGBoost (structured + text),0.26670830730793255,0.9104477611940298
XGBoost (structured + text),0.26625,0.908315565031983
XGBoost (structured + text),0.26641651031894936,0.908315565031983
XGBoost (structured + text),0.26595744680851063,0.906183368869936
XGBoost (structured + text),0.2654978083907326,0.9040511727078892
XGBoost (structured + text),0.2656641604010025,0.9040511727078892
XGBoost (structured + text),0.2658307210031348,0.9040511727078892
XGBoost (structured + text),0.2659974905897114,0.9040511727078892
XGBoost (structured + text),0.26616446955430006,0.9040511727078892
XGBoost (structured + text),0.2663316582914573,0.9040511727078892
XGBoost (structured + text),0.2664990571967316,0.9040511727078892
XGBoost (structured + text),0.26666666666666666,0.9040511727078892
XGBoost (structured + text),0.2668344870988043,0.9040511727078892
XGBoost (structured + text),0.26700251889168763,0.9040511727078892
XGBoost (structured + text),0.26717076244486454,0.9040511727078892
XGBoost (structured + text),0.26670870113493067,0.9019189765458422
XGBoost (structured + text),0.2668769716088328,0.9019189765458422
XGBoost (structured + text),0.26704545454545453,0.9019189765458422
XGBoost (structured + text),0.26721415034744156,0.9019189765458422
XGBoost (structured + text),0.26738305941845764,0.9019189765458422
XGBoost (structured + text),0.26691967109424414,0.8997867803837953
XGBoost (structured + text),0.2670886075949367,0.8997867803837953
XGBoost (structured + text),0.2681067344345616,0.8997867803837953
XGBoost (structured + text),0.26764144945963125,0.8976545842217484
XGBoost (structured + text),0.2678117048346056,0.8976545842217484
XGBoost (structured + text),0.267982176957352,0.8976545842217484
XGBoost (structured + text),0.2681528662420382,0.8976545842217484
XGBoost (structured + text),0.26832377310388783,0.8976545842217484
XGBoost (structured + text),0.2686662412252712,0.8976545842217484
XGBoost (structured + text),0.26883780332056195,0.8976545842217484
XGBoost (structured + text),0.2690095846645367,0.8976545842217484
XGBoost (structured + text),0.26918158567774936,0.8976545842217484
XGBoost (structured + text),0.2693538067818298,0.8976545842217484
XGBoost (structured + text),0.26952624839948786,0.8976545842217484
XGBoost (structured + text),0.2696989109545163,0.8976545842217484
XGBoost (structured + text),0.26987179487179486,0.8976545842217484
XGBoost (structured + text),0.2705655526992288,0.8976545842217484
XGBoost (structured + text),0.2707395498392283,0.8976545842217484
XGBoost (structured + text),0.2709137709137709,0.8976545842217484
XGBoost (structured + text),0.27108821635544106,0.8976545842217484
XGBoost (structured + text),0.2712628865979381,0.8976545842217484
XGBoost (structured + text),0.27143778207607994,0.8976545842217484
XGBoost (structured + text),0.27161290322580645,0.8976545842217484
XGBoost (structured + text),0.27178825048418337,0.8976545842217484
XGBoost (structured + text),0.2719638242894057,0.8976545842217484
XGBoost (structured + text),0.27213962508080153,0.8976545842217484
XGBoost (structured + text),0.2723156532988357,0.8976545842217484
XGBoost (structured + text),0.27249190938511325,0.8976545842217484
XGBoost (structured + text),0.2728451069345431,0.8976545842217484
XGBoost (structured + text),0.2730220492866407,0.8976545842217484
XGBoost (structured + text),0.27319922128487995,0.8976545842217484
XGBoost (structured + text),0.2733766233766234,0.8976545842217484
XGBoost (structured + text),0.27355425601039635,0.8976545842217484
XGBoost (structured + text),0.2737321196358908,0.8976545842217484
XGBoost (structured + text),0.2740885416666667,0.8976545842217484
XGBoost (structured + text),0.2742671009771987,0.8976545842217484
XGBoost (structured + text),0.27444589308996087,0.8976545842217484
XGBoost (structured + text),0.2746249184605349,0.8976545842217484
XGBoost (structured + text),0.2748041775456919,0.8976545842217484
XGBoost (structured + text),0.2749836708033965,0.8976545842217484
XGBoost (structured + text),0.2751633986928105,0.8976545842217484
XGBoost (structured + text),0.27468933943754087,0.8955223880597015
XGBoost (structured + text),0.27486910994764396,0.8955223880597015
XGBoost (structured + text),0.275049115913556,0.8955223880597015
XGBoost (structured + text),0.27522935779816515,0.8955223880597015
XGBoost (structured + text),0.2754098360655738,0.8955223880597015
XGBoost (structured + text),0.2755905511811024,0.8955223880597015
XGBoost (structured + text),0.2757715036112935,0.8955223880597015
XGBoost (structured + text),0.27631578947368424,0.8955223880597015
XGBoost (structured + text),0.2764976958525346,0.8955223880597015
XGBoost (structured + text),0.27602108036890644,0.8933901918976546
XGBoost (structured + text),0.27554383651944625,0.8912579957356077
XGBoost (structured + text),0.2759075907590759,0.8912579957356077
XGBoost (structured + text),0.2760898282694848,0.8912579957356077
XGBoost (structured + text),0.2762723066754792,0.8912579957356077
XGBoost (structured + text),0.2757936507936508,0.8891257995735607
XGBoost (structured + text),0.2759761747187293,0.8891257995735607
XGBoost (structured + text),0.27634194831013914,0.8891257995735607
XGBoost (structured + text),0.276525198938992,0.8891257995735607
XGBoost (structured + text),0.27604512276045123,0.8869936034115139
XGBoost (structured + text),0.27622841965471445,0.8869936034115139
XGBoost (structured + text),0.2767797737857618,0.8869936034115139
XGBoost (structured + text),0.2769640479360852,0.8869936034115139
XGBoost (structured + text),0.27714856762158563,0.8869936034115139
XGBoost (structured + text),0.2773333333333333,0.8869936034115139
XGBoost (structured + text),0.27751834556370913,0.8869936034115139
XGBoost (structured + text),0.27770360480640854,0.8869936034115139
XGBoost (structured + text),0.27788911155644624,0.8869936034115139
XGBoost (structured + text),0.27807486631016043,0.8869936034115139
XGBoost (structured + text),0.2782608695652174,0.8869936034115139
XGBoost (structured + text),0.2777777777777778,0.8848614072494669
XGBoost (structured + text),0.2772940388479571,0.8827292110874201
XGBoost (structured + text),0.2774798927613941,0.8827292110874201
XGBoost (structured + text),0.2776659959758551,0.8827292110874201
XGBoost (structured + text),0.2778523489932886,0.8827292110874201
XGBoost (structured + text),0.2780389523169913,0.8827292110874201
XGBoost (structured + text),0.2782258064516129,0.8827292110874201
XGBoost (structured + text),0.27841291190316075,0.8827292110874201
XGBoost (structured + text),0.27860026917900405,0.8827292110874201
XGBoost (structured + text),0.2787878787878788,0.8827292110874201
XGBoost (structured + text),0.27897574123989216,0.8827292110874201
XGBoost (structured + text),0.2791638570465273,0.8827292110874201
XGBoost (structured + text),0.2793522267206478,0.8827292110874201
XGBoost (structured + text),0.27954085077650237,0.8827292110874201
XGBoost (structured + text),0.2797297297297297,0.8827292110874201
XGBoost (structured + text),0.2794316644113667,0.8805970149253731
XGBoost (structured + text),0.2796208530805687,0.8805970149253731
XGBoost (structured + text),0.279810298102981,0.8805970149253731
XGBoost (structured + text),0.28,0.8805970149253731
XGBoost (structured + text),0.2801899592944369,0.8805970149253731
XGBoost (structured + text),0.2803801765105227,0.8805970149253731
XGBoost (structured + text),0.280570652173913,0.8805970149253731
XGBoost (structured + text),0.2807613868116927,0.8805970149253731
XGBoost (structured + text),0.28095238095238095,0.8805970149253731
XGBoost (structured + text),0.281143635125936,0.8805970149253731
XGBoost (structured + text),0.28133514986376024,0.8805970149253731
XGBoost (structured + text),0.28152692569870486,0.8805970149253731
XGBoost (structured + text),0.28171896316507505,0.8805970149253731
XGBoost (structured + text),0.2819112627986348,0.8805970149253731
XGBoost (structured + text),0.2814207650273224,0.8784648187633263
XGBoost (structured + text),0.28161312371838687,0.8784648187633263
XGBoost (structured + text),0.2811217510259918,0.8763326226012793
XGBoost (structured + text),0.2813141683778234,0.8763326226012793
XGBoost (structured + text),0.2815068493150685,0.8763326226012793
XGBoost (structured + text),0.28169979437971215,0.8763326226012793
XGBoost (structured + text),0.28189300411522633,0.8763326226012793
XGBoost (structured + text),0.28140013726835966,0.8742004264392325
XGBoost (structured + text),0.2815934065934066,0.8742004264392325
XGBoost (structured + text),0.281786941580756,0.8742004264392325
XGBoost (structured + text),0.28198074277854196,0.8742004264392325
XGBoost (structured + text),0.28217481073640743,0.8742004264392325
XGBoost (structured + text),0.28236914600550966,0.8742004264392325
XGBoost (structured + text),0.28256374913852517,0.8742004264392325
XGBoost (structured + text),0.2827586206896552,0.8742004264392325
XGBoost (structured + text),0.2829537612146308,0.8742004264392325
XGBoost (structured + text),0.28314917127071826,0.8742004264392325
XGBoost (structured + text),0.2833448514167243,0.8742004264392325
XGBoost (structured + text),0.2835408022130014,0.8742004264392325
XGBoost (structured + text),0.2837370242214533,0.8742004264392325
XGBoost (structured + text),0.2839335180055402,0.8742004264392325
XGBoost (structured + text),0.2841302841302841,0.8742004264392325
XGBoost (structured + text),0.28363384188626906,0.8720682302771855
XGBoost (structured + text),0.28383067314365024,0.8720682302771855
XGBoost (structured + text),0.28402777777777777,0.8720682302771855
XGBoost (structured + text),0.28422515635858236,0.8720682302771855
XGBoost (structured + text),0.28372739916550765,0.8699360341151386
XGBoost (structured + text),0.28322894919972164,0.8678038379530917
XGBoost (structured + text),0.28342618384401114,0.8678038379530917
XGBoost (structured + text),0.28362369337979093,0.8678038379530917
XGBoost (structured + text),0.28382147838214783,0.8678038379530917
XGBoost (structured + text),0.2840195394277739,0.8678038379530917
XGBoost (structured + text),0.2842178770949721,0.8678038379530917
XGBoost (structured + text),0.28441649196366176,0.8678038379530917
XGBoost (structured + text),0.2846153846153846,0.8678038379530917
XGBoost (structured + text),0.28481455563331,0.8678038379530917
XGBoost (structured + text),0.2850140056022409,0.8678038379530917
XGBoost (structured + text),0.28521373510861947,0.8678038379530917
XGBoost (structured + text),0.28541374474053294,0.8678038379530917
XGBoost (structured + text),0.2856140350877193,0.8678038379530917
XGBoost (structured + text),0.28581460674157305,0.8678038379530917
XGBoost (structured + text),0.2853127196064652,0.8656716417910447
XGBoost (structured + text),0.28551336146272854,0.8656716417910447
XGBoost (structured + text),0.2857142857142857,0.8656716417910447
XGBoost (structured + text),0.28662420382165604,0.8635394456289979
XGBoost (structured + text),0.2868271954674221,0.8635394456289979
XGBoost (structured + text),0.2870304748405386,0.8635394456289979
XGBoost (structured + text),0.2872340425531915,0.8635394456289979
XGBoost (structured + text),0.28743789921930446,0.8635394456289979
XGBoost (structured + text),0.28764204545454547,0.8635394456289979
XGBoost (structured + text),0.2880512091038407,0.8635394456289979
XGBoost (structured + text),0.28825622775800713,0.8635394456289979
XGBoost (structured + text),0.28846153846153844,0.8635394456289979
XGBoost (structured + text),0.2894924946390279,0.8635394456289979
XGBoost (structured + text),0.28898426323319026,0.8614072494669509
XGBoost (structured + text),0.2884753042233357,0.8592750533049041
XGBoost (structured + text),0.28868194842406875,0.8592750533049041
XGBoost (structured + text),0.28817204301075267,0.8571428571428571
XGBoost (structured + text),0.2883787661406026,0.8571428571428571
XGBoost (structured + text),0.28858578607322327,0.8571428571428571
XGBoost (structured + text),0.2880747126436782,0.8550106609808102
XGBoost (structured + text),0.2882818116462976,0.8550106609808102
XGBoost (structured + text),0.2884892086330935,0.8550106609808102
XGBoost (structured + text),0.2886969042476602,0.8550106609808102
XGBoost (structured + text),0.2889048991354467,0.8550106609808102
XGBoost (structured + text),0.2883922134102379,0.8528784648187633
XGBoost (structured + text),0.2888086642599278,0.8528784648187633
XGBoost (structured + text),0.28901734104046245,0.8528784648187633
XGBoost (structured + text),0.28871201157742404,0.8507462686567164
XGBoost (structured + text),0.2889210716871832,0.8507462686567164
XGBoost (structured + text),0.2891304347826087,0.8507462686567164
XGBoost (structured + text),0.2893401015228426,0.8507462686567164
XGBoost (structured + text),0.2895500725689405,0.8507462686567164
XGBoost (structured + text),0.289760348583878,0.8507462686567164
XGBoost (structured + text),0.28997093023255816,0.8507462686567164
XGBoost (structured + text),0.2901818181818182,0.8507462686567164
XGBoost (structured + text),0.29008746355685133,0.8486140724946695
XGBoost (structured + text),0.29029905178701676,0.8486140724946695
XGBoost (structured + text),0.2905109489051095,0.8486140724946695
XGBoost (structured + text),0.2899926953981008,0.8464818763326226
XGBoost (structured + text),0.2904169714703731,0.8464818763326226
XGBoost (structured + text),0.29062957540263545,0.8464818763326226
XGBoost (structured + text),0.29010989010989013,0.8443496801705757
XGBoost (structured + text),0.2903225806451613,0.8443496801705757
XGBoost (structured + text),0.2905355832721937,0.8443496801705757
XGBoost (structured + text),0.2907488986784141,0.8443496801705757
XGBoost (structured + text),0.2920353982300885,0.8443496801705757
XGBoost (structured + text),0.2922509225092251,0.8443496801705757
XGBoost (structured + text),0.2917282127031019,0.8422174840085288
XGBoost (structured + text),0.2921597633136095,0.8422174840085288
XGBoost (structured + text),0.2923760177646188,0.8422174840085288
XGBoost (structured + text),0.29259259259259257,0.8422174840085288
XGBoost (structured + text),0.29280948851000743,0.8422174840085288
XGBoost (structured + text),0.293026706231454,0.8422174840085288
XGBoost (structured + text),0.2925018559762435,0.8400852878464818
XGBoost (structured + text),0.29271916790490343,0.8400852878464818
XGBoost (structured + text),0.2929368029739777,0.8400852878464818
XGBoost (structured + text),0.2924107142857143,0.837953091684435
XGBoost (structured + text),0.2926284437825763,0.837953091684435
XGBoost (structured + text),0.29284649776453053,0.837953091684435
XGBoost (structured + text),0.2923191648023863,0.835820895522388
XGBoost (structured + text),0.29253731343283584,0.835820895522388
XGBoost (structured + text),0.292755787901419,0.835820895522388
XGBoost (structured + text),0.29292168674698793,0.8294243070362474
XGBoost (structured + text),0.2933634992458522,0.8294243070362474
XGBoost (structured + text),0.29358490566037737,0.8294243070362474
XGBoost (structured + text),0.2938066465256798,0.8294243070362474
XGBoost (structured + text),0.29402872260015117,0.8294243070362474
XGBoost (structured + text),0.29425113464447805,0.8294243070362474
XGBoost (structured + text),0.29447388342165026,0.8294243070362474
XGBoost (structured + text),0.2946969696969697,0.8294243070362474
XGBoost (structured + text),0.29492039423805916,0.8294243070362474
XGBoost (structured + text),0.295144157814871,0.8294243070362474
XGBoost (structured + text),0.2953682611996963,0.8294243070362474
XGBoost (structured + text),0.29559270516717323,0.8294243070362474
XGBoost (structured + text),0.29581749049429656,0.8294243070362474
XGBoost (structured + text),0.2960426179604262,0.8294243070362474
XGBoost (structured + text),0.2964939024390244,0.8294243070362474
XGBoost (structured + text),0.29717341482047366,0.8294243070362474
XGBoost (structured + text),0.29808429118773944,0.8294243070362474
XGBoost (structured + text),0.2983128834355828,0.8294243070362474
XGBoost (structured + text),0.2985418265541059,0.8294243070362474
XGBoost (structured + text),0.29877112135176653,0.8294243070362474
XGBoost (structured + text),0.29923076923076924,0.8294243070362474
XGBoost (structured + text),0.29946112394149343,0.8294243070362474
XGBoost (structured + text),0.2996918335901387,0.8294243070362474
XGBoost (structured + text),0.299922898997687,0.8294243070362474
XGBoost (structured + text),0.3001543209876543,0.8294243070362474
XGBoost (structured + text),0.30038610038610036,0.8294243070362474
XGBoost (structured + text),0.30061823802163834,0.8294243070362474
XGBoost (structured + text),0.3008507347254447,0.8294243070362474
XGBoost (structured + text),0.30108359133126933,0.8294243070362474
XGBoost (structured + text),0.3015503875968992,0.8294243070362474
XGBoost (structured + text),0.30225330225330227,0.8294243070362474
XGBoost (structured + text),0.3024883359253499,0.8294243070362474
XGBoost (structured + text),0.3027237354085603,0.8294243070362474
XGBoost (structured + text),0.3029595015576324,0.8294243070362474
XGBoost (structured + text),0.30319563522992987,0.8294243070362474
XGBoost (structured + text),0.30210772833723654,0.8251599147121536
XGBoost (structured + text),0.30234375,0.8251599147121536
XGBoost (structured + text),0.30258014073494915,0.8251599147121536
XGBoost (structured + text),0.3028169014084507,0.8251599147121536
XGBoost (structured + text),0.303054032889585,0.8251599147121536
XGBoost (structured + text),0.30329153605015674,0.8251599147121536
XGBoost (structured + text),0.30376766091051804,0.8251599147121536
XGBoost (structured + text),0.3040062843676355,0.8251599147121536
XGBoost (structured + text),0.30424528301886794,0.8251599147121536
XGBoost (structured + text),0.3036978756884343,0.8230277185501066
XGBoost (structured + text),0.3031496062992126,0.8208955223880597
XGBoost (structured + text),0.30260047281323876,0.8187633262260128
XGBoost (structured + text),0.3028391167192429,0.8187633262260128
XGBoost (structured + text),0.303078137332281,0.8187633262260128
XGBoost (structured + text),0.3033175355450237,0.8187633262260128
XGBoost (structured + text),0.30355731225296445,0.8187633262260128
XGBoost (structured + text),0.3037974683544304,0.8187633262260128
XGBoost (structured + text),0.30403800475059384,0.8187633262260128
XGBoost (structured + text),0.30427892234548337,0.8187633262260128
XGBoost (structured + text),0.3045202220459952,0.8187633262260128
XGBoost (structured + text),0.3047619047619048,0.8187633262260128
XGBoost (structured + text),0.3054892601431981,0.8187633262260128
XGBoost (structured + text),0.3049363057324841,0.8166311300639659
XGBoost (structured + text),0.3051792828685259,0.8166311300639659
XGBoost (structured + text),0.3054226475279107,0.8166311300639659
XGBoost (structured + text),0.3056664006384677,0.8166311300639659
XGBoost (structured + text),0.3059105431309904,0.8166311300639659
XGBoost (structured + text),0.3058446757405925,0.814498933901919
XGBoost (structured + text),0.3060897435897436,0.814498933901919
XGBoost (structured + text),0.3063352044907779,0.814498933901919
XGBoost (structured + text),0.3068273092369478,0.814498933901919
XGBoost (structured + text),0.3070739549839228,0.814498933901919
XGBoost (structured + text),0.3065164923572003,0.8123667377398721
XGBoost (structured + text),0.30676328502415456,0.8123667377398721
XGBoost (structured + text),0.30701047542304594,0.8123667377398721
XGBoost (structured + text),0.3064516129032258,0.8102345415778252
XGBoost (structured + text),0.3058918482647296,0.8081023454157783
XGBoost (structured + text),0.3061389337641357,0.8081023454157783
XGBoost (structured + text),0.3055780113177041,0.8059701492537313
XGBoost (structured + text),0.3058252427184466,0.8059701492537313
XGBoost (structured + text),0.30526315789473685,0.8038379530916845
XGBoost (structured + text),0.3047001620745543,0.8017057569296375
XGBoost (structured + text),0.30494728304947283,0.8017057569296375
XGBoost (structured + text),0.3051948051948052,0.8017057569296375
XGBoost (structured + text),0.30544272948822093,0.8017057569296375
XGBoost (structured + text),0.30618892508143325,0.8017057569296375
XGBoost (structured + text),0.306438467807661,0.8017057569296375
XGBoost (structured + text),0.3066884176182708,0.8017057569296375
XGBoost (structured + text),0.3069387755102041,0.8017057569296375
XGBoost (structured + text),0.30637254901960786,0.7995735607675906
XGBoost (structured + text),0.30580539656582173,0.7974413646055437
XGBoost (structured + text),0.3060556464811784,0.7974413646055437
XGBoost (structured + text),0.30548730548730546,0.7953091684434968
XGBoost (structured + text),0.30573770491803276,0.7953091684434968
XGBoost (structured + text),0.3059885151763741,0.7953091684434968
XGBoost (structured + text),0.30623973727422005,0.7953091684434968
XGBoost (structured + text),0.3064913722267872,0.7953091684434968
XGBoost (structured + text),0.3067434210526316,0.7953091684434968
XGBoost (structured + text),0.30617283950617286,0.7931769722814499
XGBoost (structured + text),0.30642504118616143,0.7931769722814499
XGBoost (structured + text),0.30667765869744434,0.7931769722814499
XGBoost (structured + text),0.3069306930693069,0.7931769722814499
XGBoost (structured + text),0.30718414533443433,0.7931769722814499
XGBoost (structured + text),0.3074380165289256,0.7931769722814499
XGBoost (structured + text),0.3068651778329198,0.7910447761194029
XGBoost (structured + text),0.30711920529801323,0.7910447761194029
XGBoost (structured + text),0.30737365368682684,0.7910447761194029
XGBoost (structured + text),0.3076285240464345,0.7910447761194029
XGBoost (structured + text),0.3078838174273859,0.7910447761194029
XGBoost (structured + text),0.3081395348837209,0.7910447761194029
XGBoost (structured + text),0.3083956774729842,0.7910447761194029
XGBoost (structured + text),0.3086522462562396,0.7910447761194029
XGBoost (structured + text),0.3089092422980849,0.7910447761194029
XGBoost (structured + text),0.3106060606060606,0.7867803837953091
XGBoost (structured + text),0.3108677337826453,0.7867803837953091
XGBoost (structured + text),0.3111298482293423,0.7867803837953091
XGBoost (structured + text),0.31139240506329113,0.7867803837953091
XGBoost (structured + text),0.31165540540540543,0.7867803837953091
XGBoost (structured + text),0.31191885038038886,0.7867803837953091
XGBoost (structured + text),0.31218274111675126,0.7867803837953091
XGBoost (structured + text),0.3124470787468247,0.7867803837953091
XGBoost (structured + text),0.31271186440677967,0.7867803837953091
XGBoost (structured + text),0.31212892281594573,0.7846481876332623
XGBoost (structured + text),0.31239388794567063,0.7846481876332623
XGBoost (structured + text),0.31265930331350894,0.7846481876332623
XGBoost (structured + text),0.3129251700680272,0.7846481876332623
XGBoost (structured + text),0.3131914893617021,0.7846481876332623
XGBoost (structured + text),0.313458262350937,0.7846481876332623
XGBoost (structured + text),0.3137254901960784,0.7846481876332623
XGBoost (structured + text),0.31399317406143346,0.7846481876332623
XGBoost (structured + text),0.3142613151152861,0.7846481876332623
XGBoost (structured + text),0.31367521367521367,0.7825159914712153
XGBoost (structured + text),0.31308810949529514,0.7803837953091685
XGBoost (structured + text),0.3133561643835616,0.7803837953091685
XGBoost (structured + text),0.31362467866323906,0.7803837953091685
XGBoost (structured + text),0.313893653516295,0.7803837953091685
XGBoost (structured + text),0.3141630901287554,0.7803837953091685
XGBoost (structured + text),0.31443298969072164,0.7803837953091685
XGBoost (structured + text),0.31470335339638866,0.7803837953091685
XGBoost (structured + text),0.31411359724612736,0.7782515991471215
XGBoost (structured + text),0.31519861830742657,0.7782515991471215
XGBoost (structured + text),0.31547104580812446,0.7782515991471215
XGBoost (structured + text),0.3157439446366782,0.7782515991471215
XGBoost (structured + text),0.31601731601731603,0.7782515991471215
XGBoost (structured + text),0.31629116117850953,0.7782515991471215
XGBoost (structured + text),0.3165654813529922,0.7782515991471215
XGBoost (structured + text),0.3168402777777778,0.7782515991471215
XGBoost (structured + text),0.317115551694179,0.7782515991471215
XGBoost (structured + text),0.3173913043478261,0.7782515991471215
XGBoost (structured + text),0.3182214472537053,0.7782515991471215
XGBoost (structured + text),0.31762652705061084,0.7761194029850746
XGBoost (structured + text),0.3179039301310044,0.7761194029850746
XGBoost (structured + text),0.3173076923076923,0.7739872068230277
XGBoost (structured + text),0.31758530183727035,0.7739872068230277
XGBoost (structured + text),0.3178633975481611,0.7739872068230277
XGBoost (structured + text),0.31814198071866784,0.7739872068230277
XGBoost (structured + text),0.31842105263157894,0.7739872068230277
XGBoost (structured + text),0.31782265144863914,0.7718550106609808
XGBoost (structured + text),0.3175021987686895,0.7697228144989339
XGBoost (structured + text),0.31778169014084506,0.7697228144989339
XGBoost (structured + text),0.318342151675485,0.7697228144989339
XGBoost (structured + text),0.31862312444836716,0.7697228144989339
XGBoost (structured + text),0.31890459363957596,0.7697228144989339
XGBoost (structured + text),0.3191865605658709,0.7697228144989339
XGBoost (structured + text),0.3185840707964602,0.767590618336887
XGBoost (structured + text),0.31886625332152346,0.767590618336887
XGBoost (structured + text),0.3197158081705151,0.767590618336887
XGBoost (structured + text),0.32,0.767590618336887
XGBoost (structured + text),0.3202846975088968,0.767590618336887
XGBoost (structured + text),0.3205699020480855,0.767590618336887
XGBoost (structured + text),0.32085561497326204,0.767590618336887
XGBoost (structured + text),0.32114183764495985,0.767590618336887
XGBoost (structured + text),0.32142857142857145,0.767590618336887
XGBoost (structured + text),0.32171581769436997,0.767590618336887
XGBoost (structured + text),0.3220035778175313,0.767590618336887
XGBoost (structured + text),0.3222918531781558,0.767590618336887
XGBoost (structured + text),0.3225806451612903,0.767590618336887
XGBoost (structured + text),0.32286995515695066,0.767590618336887
XGBoost (structured + text),0.322262118491921,0.7654584221748401
XGBoost (structured + text),0.3225516621743037,0.7654584221748401
XGBoost (structured + text),0.322841726618705,0.7654584221748401
XGBoost (structured + text),0.32313231323132313,0.7654584221748401
XGBoost (structured + text),0.32636363636363636,0.7654584221748401
XGBoost (structured + text),0.32666060054595086,0.7654584221748401
XGBoost (structured + text),0.32695810564663025,0.7654584221748401
XGBoost (structured + text),0.3272561531449407,0.7654584221748401
XGBoost (structured + text),0.32755474452554745,0.7654584221748401
XGBoost (structured + text),0.3278538812785388,0.7654584221748401
XGBoost (structured + text),0.3281535648994516,0.7654584221748401
XGBoost (structured + text),0.3284537968892955,0.7654584221748401
XGBoost (structured + text),0.32875457875457875,0.7654584221748401
XGBoost (structured + text),0.3293577981651376,0.7654584221748401
XGBoost (structured + text),0.32966023875114786,0.7654584221748401
XGBoost (structured + text),0.33026678932842685,0.7654584221748401
XGBoost (structured + text),0.33087557603686635,0.7654584221748401
XGBoost (structured + text),0.3311808118081181,0.7654584221748401
XGBoost (structured + text),0.3314866112650046,0.7654584221748401
XGBoost (structured + text),0.33086876155268025,0.7633262260127932
XGBoost (structured + text),0.33117483811285847,0.7633262260127932
XGBoost (structured + text),0.3320964749536178,0.7633262260127932
XGBoost (structured + text),0.33240482822655526,0.7633262260127932
XGBoost (structured + text),0.33178438661710036,0.7611940298507462
XGBoost (structured + text),0.33209302325581397,0.7611940298507462
XGBoost (structured + text),0.3324022346368715,0.7611940298507462
XGBoost (structured + text),0.3317800559179869,0.7590618336886994
XGBoost (structured + text),0.3336457357075914,0.7590618336886994
XGBoost (structured + text),0.3330206378986867,0.7569296375266524
XGBoost (structured + text),0.3323943661971831,0.7547974413646056
XGBoost (structured + text),0.33270676691729323,0.7547974413646056
XGBoost (structured + text),0.3330197554092192,0.7547974413646056
XGBoost (structured + text),0.332391713747646,0.7526652452025586
XGBoost (structured + text),0.33176248821866167,0.7505330490405118
XGBoost (structured + text),0.3320754716981132,0.7505330490405118
XGBoost (structured + text),0.3314447592067989,0.7484008528784648
XGBoost (structured + text),0.33175803402646503,0.7484008528784648
XGBoost (structured + text),0.33207190160832545,0.7484008528784648
XGBoost (structured + text),0.33238636363636365,0.7484008528784648
XGBoost (structured + text),0.33301707779886147,0.7484008528784648
XGBoost (structured + text),0.33238366571699907,0.746268656716418
XGBoost (structured + text),0.33269961977186313,0.746268656716418
XGBoost (structured + text),0.3330161750713606,0.746268656716418
XGBoost (structured + text),0.3333333333333333,0.746268656716418
XGBoost (structured + text),0.332697807435653,0.744136460554371
XGBoost (structured + text),0.3330152671755725,0.744136460554371
XGBoost (structured + text),0.3333333333333333,0.744136460554371
XGBoost (structured + text),0.33365200764818354,0.744136460554371
XGBoost (structured + text),0.3339712918660287,0.744136460554371
XGBoost (structured + text),0.3342911877394636,0.744136460554371
XGBoost (structured + text),0.3346116970278044,0.744136460554371
XGBoost (structured + text),0.33397312859884837,0.7420042643923241
XGBoost (structured + text),0.33429394812680113,0.7420042643923241
XGBoost (structured + text),0.3346153846153846,0.7420042643923241
XGBoost (structured + text),0.3339749759384023,0.7398720682302772
XGBoost (structured + text),0.33527131782945735,0.7377398720682303
XGBoost (structured + text),0.33462657613967023,0.7356076759061834
XGBoost (structured + text),0.3339805825242718,0.7334754797441365
XGBoost (structured + text),0.3333333333333333,0.7313432835820896
XGBoost (structured + text),0.3336575875486381,0.7313432835820896
XGBoost (structured + text),0.3339824732229795,0.7313432835820896
XGBoost (structured + text),0.3333333333333333,0.7292110874200426
XGBoost (structured + text),0.3336585365853659,0.7292110874200426
XGBoost (structured + text),0.3352941176470588,0.7292110874200426
XGBoost (structured + text),0.3356231599607458,0.7292110874200426
XGBoost (structured + text),0.33661417322834647,0.7292110874200426
XGBoost (structured + text),0.3359605911330049,0.7270788912579957
XGBoost (structured + text),0.3359683794466403,0.7249466950959488
XGBoost (structured + text),0.3363006923837784,0.7249466950959488
XGBoost (structured + text),0.33564356435643566,0.7228144989339019
XGBoost (structured + text),0.33597621407333994,0.7228144989339019
XGBoost (structured + text),0.33630952380952384,0.7228144989339019
XGBoost (structured + text),0.33664349553128103,0.7228144989339019
XGBoost (structured + text),0.33697813121272363,0.7228144989339019
XGBoost (structured + text),0.3373134328358209,0.7228144989339019
XGBoost (structured + text),0.33798604187437686,0.7228144989339019
XGBoost (structured + text),0.3383233532934132,0.7228144989339019
XGBoost (structured + text),0.3386613386613387,0.7228144989339019
XGBoost (structured + text),0.3383383383383383,0.720682302771855
XGBoost (structured + text),0.3370110330992979,0.7164179104477612
XGBoost (structured + text),0.3373493975903614,0.7164179104477612
XGBoost (structured + text),0.33768844221105526,0.7164179104477612
XGBoost (structured + text),0.3384146341463415,0.7100213219616205
XGBoost (structured + text),0.3387589013224822,0.7100213219616205
XGBoost (structured + text),0.3391393442622951,0.7057569296375267
XGBoost (structured + text),0.3394871794871795,0.7057569296375267
XGBoost (structured + text),0.3398357289527721,0.7057569296375267
XGBoost (structured + text),0.34018499486125386,0.7057569296375267
XGBoost (structured + text),0.3395061728395062,0.7036247334754797
XGBoost (structured + text),0.33985581874356335,0.7036247334754797
XGBoost (structured + text),0.3402061855670103,0.7036247334754797
XGBoost (structured + text),0.3409090909090909,0.7036247334754797
XGBoost (structured + text),0.34022750775594623,0.7014925373134329
XGBoost (structured + text),0.34057971014492755,0.7014925373134329
XGBoost (structured + text),0.3398963730569948,0.6993603411513859
XGBoost (structured + text),0.34024896265560167,0.6993603411513859
XGBoost (structured + text),0.33993743482794575,0.6950959488272921
XGBoost (structured + text),0.34029227557411273,0.6950959488272921
XGBoost (structured + text),0.3406478578892372,0.6950959488272921
XGBoost (structured + text),0.3410041841004184,0.6950959488272921
XGBoost (structured + text),0.3413612565445026,0.6950959488272921
XGBoost (structured + text),0.3403361344537815,0.6908315565031983
XGBoost (structured + text),0.34069400630914826,0.6908315565031983
XGBoost (structured + text),0.3410526315789474,0.6908315565031983
XGBoost (structured + text),0.34141201264488935,0.6908315565031983
XGBoost (structured + text),0.34177215189873417,0.6908315565031983
XGBoost (structured + text),0.34358430540827145,0.6908315565031983
XGBoost (structured + text),0.34394904458598724,0.6908315565031983
XGBoost (structured + text),0.3443145589798087,0.6908315565031983
XGBoost (structured + text),0.34361702127659577,0.6886993603411514
XGBoost (structured + text),0.3439829605963791,0.6886993603411514
XGBoost (structured + text),0.3443496801705757,0.6886993603411514
XGBoost (structured + text),0.3447171824973319,0.6886993603411514
XGBoost (structured + text),0.344017094017094,0.6865671641791045
XGBoost (structured + text),0.3443850267379679,0.6865671641791045
XGBoost (structured + text),0.34475374732334046,0.6865671641791045
XGBoost (structured + text),0.34549356223175964,0.6865671641791045
XGBoost (structured + text),0.3458646616541353,0.6865671641791045
XGBoost (structured + text),0.3479212253829322,0.6780383795309168
XGBoost (structured + text),0.348302300109529,0.6780383795309168
XGBoost (structured + text),0.34868421052631576,0.6780383795309168
XGBoost (structured + text),0.34796926454445665,0.67590618336887
XGBoost (structured + text),0.34835164835164834,0.67590618336887
XGBoost (structured + text),0.3487348734873487,0.67590618336887
XGBoost (structured + text),0.347682119205298,0.6716417910447762
XGBoost (structured + text),0.34806629834254144,0.6716417910447762
XGBoost (structured + text),0.34845132743362833,0.6716417910447762
XGBoost (structured + text),0.3488372093023256,0.6716417910447762
XGBoost (structured + text),0.34811529933481156,0.6695095948827292
XGBoost (structured + text),0.34850166481687017,0.6695095948827292
XGBoost (structured + text),0.3488888888888889,0.6695095948827292
XGBoost (structured + text),0.3492769744160178,0.6695095948827292
XGBoost (structured + text),0.34966592427616927,0.6695095948827292
XGBoost (structured + text),0.34933035714285715,0.6673773987206824
XGBoost (structured + text),0.34972067039106147,0.6673773987206824
XGBoost (structured + text),0.35011185682326623,0.6673773987206824
XGBoost (structured + text),0.3505039193729003,0.6673773987206824
XGBoost (structured + text),0.34977578475336324,0.6652452025586354
XGBoost (structured + text),0.3501683501683502,0.6652452025586354
XGBoost (structured + text),0.35095613048368957,0.6652452025586354
XGBoost (structured + text),0.3502252252252252,0.6631130063965884
XGBoost (structured + text),0.3506200676437429,0.6631130063965884
XGBoost (structured + text),0.3510158013544018,0.6631130063965884
XGBoost (structured + text),0.35141242937853107,0.6631130063965884
XGBoost (structured + text),0.35180995475113125,0.6631130063965884
XGBoost (structured + text),0.3522083805209513,0.6631130063965884
XGBoost (structured + text),0.35147392290249435,0.6609808102345416
XGBoost (structured + text),0.3530751708428246,0.6609808102345416
XGBoost (structured + text),0.3523375142531357,0.6588486140724946
XGBoost (structured + text),0.3527397260273973,0.6588486140724946
XGBoost (structured + text),0.35314285714285715,0.6588486140724946
XGBoost (structured + text),0.3524027459954233,0.6567164179104478
XGBoost (structured + text),0.3528064146620848,0.6567164179104478
XGBoost (structured + text),0.35246842709529275,0.6545842217484008
XGBoost (structured + text),0.3528735632183908,0.6545842217484008
XGBoost (structured + text),0.3532796317606444,0.6545842217484008
XGBoost (structured + text),0.35368663594470046,0.6545842217484008
XGBoost (structured + text),0.35409457900807384,0.6545842217484008
XGBoost (structured + text),0.35450346420323325,0.6545842217484008
XGBoost (structured + text),0.35491329479768785,0.6545842217484008
XGBoost (structured + text),0.35532407407407407,0.6545842217484008
XGBoost (structured + text),0.354577056778679,0.652452025586354
XGBoost (structured + text),0.3558139534883721,0.652452025586354
XGBoost (structured + text),0.35664335664335667,0.652452025586354
XGBoost (structured + text),0.3570595099183197,0.652452025586354
XGBoost (structured + text),0.35789473684210527,0.652452025586354
XGBoost (structured + text),0.3583138173302108,0.652452025586354
XGBoost (structured + text),0.35873388042203985,0.652452025586354
XGBoost (structured + text),0.3591549295774648,0.652452025586354
XGBoost (structured + text),0.3584018801410106,0.650319829424307
XGBoost (structured + text),0.3588235294117647,0.650319829424307
XGBoost (structured + text),0.35924617196702,0.650319829424307
XGBoost (structured + text),0.3596698113207547,0.650319829424307
XGBoost (structured + text),0.3600944510035419,0.650319829424307
XGBoost (structured + text),0.36180308422301305,0.650319829424307
XGBoost (structured + text),0.36223277909738716,0.650319829424307
XGBoost (structured + text),0.361474435196195,0.6481876332622601
XGBoost (structured + text),0.3607142857142857,0.6460554371002132
XGBoost (structured + text),0.3599523241954708,0.6439232409381663
XGBoost (structured + text),0.35918854415274465,0.6417910447761194
XGBoost (structured + text),0.35961768219832735,0.6417910447761194
XGBoost (structured + text),0.36004784688995217,0.6417910447761194
XGBoost (structured + text),0.36047904191616764,0.6417910447761194
XGBoost (structured + text),0.3609112709832134,0.6417910447761194
XGBoost (structured + text),0.36134453781512604,0.6417910447761194
XGBoost (structured + text),0.36177884615384615,0.6417910447761194
XGBoost (structured + text),0.3622141997593261,0.6417910447761194
XGBoost (structured + text),0.36265060240963853,0.6417910447761194
XGBoost (structured + text),0.36308805790108567,0.6417910447761194
XGBoost (structured + text),0.36231884057971014,0.6396588486140725
XGBoost (structured + text),0.36275695284159615,0.6396588486140725
XGBoost (structured + text),0.36319612590799033,0.6396588486140725
XGBoost (structured + text),0.3637469586374696,0.6375266524520256
XGBoost (structured + text),0.364190012180268,0.6375266524520256
XGBoost (structured + text),0.3646341463414634,0.6375266524520256
XGBoost (structured + text),0.36385836385836384,0.6353944562899787
XGBoost (structured + text),0.3643031784841076,0.6353944562899787
XGBoost (structured + text),0.36474908200734396,0.6353944562899787
XGBoost (structured + text),0.36519607843137253,0.6353944562899787
XGBoost (structured + text),0.36441717791411044,0.6332622601279317
XGBoost (structured + text),0.36486486486486486,0.6332622601279317
XGBoost (structured + text),0.36531365313653136,0.6332622601279317
XGBoost (structured + text),0.3657635467980296,0.6332622601279317
XGBoost (structured + text),0.37182741116751267,0.6247334754797441
XGBoost (structured + text),0.36909323116219667,0.6162046908315565
XGBoost (structured + text),0.3695652173913043,0.6162046908315565
XGBoost (structured + text),0.3700384122919334,0.6162046908315565
XGBoost (structured + text),0.37051282051282053,0.6162046908315565
XGBoost (structured + text),0.37098844672657255,0.6162046908315565
XGBoost (structured + text),0.37146529562982006,0.6162046908315565
XGBoost (structured + text),0.37194337194337196,0.6162046908315565
XGBoost (structured + text),0.37242268041237114,0.6162046908315565
XGBoost (structured + text),0.37290322580645163,0.6162046908315565
XGBoost (structured + text),0.3733850129198966,0.6162046908315565
XGBoost (structured + text),0.3738680465717982,0.6162046908315565
XGBoost (structured + text),0.3743523316062176,0.6162046908315565
XGBoost (structured + text),0.3748378728923476,0.6162046908315565
XGBoost (structured + text),0.37532467532467534,0.6162046908315565
XGBoost (structured + text),0.37581274382314694,0.6162046908315565
XGBoost (structured + text),0.3763020833333333,0.6162046908315565
XGBoost (structured + text),0.3767926988265971,0.6162046908315565
XGBoost (structured + text),0.3772845953002611,0.6162046908315565
XGBoost (structured + text),0.3764705882352941,0.6140724946695096
XGBoost (structured + text),0.3756544502617801,0.6119402985074627
XGBoost (structured + text),0.3761467889908257,0.6119402985074627
XGBoost (structured + text),0.3766404199475066,0.6119402985074627
XGBoost (structured + text),0.3771353482260184,0.6119402985074627
XGBoost (structured + text),0.37763157894736843,0.6119402985074627
XGBoost (structured + text),0.37812911725955206,0.6119402985074627
XGBoost (structured + text),0.37962962962962965,0.6119402985074627
XGBoost (structured + text),0.37880794701986753,0.6098081023454158
XGBoost (structured + text),0.3779840848806366,0.6076759061833689
XGBoost (structured + text),0.3784860557768924,0.6076759061833689
XGBoost (structured + text),0.37898936170212766,0.6076759061833689
XGBoost (structured + text),0.3794940079893475,0.6076759061833689
XGBoost (structured + text),0.38,0.6076759061833689
XGBoost (structured + text),0.37917222963951935,0.605543710021322
XGBoost (structured + text),0.37967914438502676,0.605543710021322
XGBoost (structured + text),0.3788487282463186,0.603411513859275
XGBoost (structured + text),0.37935656836461124,0.603411513859275
XGBoost (structured + text),0.37986577181208053,0.603411513859275
XGBoost (structured + text),0.3803763440860215,0.603411513859275
XGBoost (structured + text),0.38088829071332436,0.603411513859275
XGBoost (structured + text),0.38294993234100133,0.603411513859275
XGBoost (structured + text),0.3821138211382114,0.6012793176972282
XGBoost (structured + text),0.38263229308005425,0.6012793176972282
XGBoost (structured + text),0.38095238095238093,0.5970149253731343
XGBoost (structured + text),0.3814713896457766,0.5970149253731343
XGBoost (structured + text),0.3819918144611187,0.5970149253731343
XGBoost (structured + text),0.3825136612021858,0.5970149253731343
XGBoost (structured + text),0.3816689466484268,0.5948827292110874
XGBoost (structured + text),0.3821917808219178,0.5948827292110874
XGBoost (structured + text),0.38271604938271603,0.5948827292110874
XGBoost (structured + text),0.38186813186813184,0.5927505330490405
XGBoost (structured + text),0.38239339752407153,0.5927505330490405
XGBoost (structured + text),0.38154269972451793,0.5906183368869936
XGBoost (structured + text),0.3820689655172414,0.5906183368869936
XGBoost (structured + text),0.3825966850828729,0.5906183368869936
XGBoost (structured + text),0.3831258644536653,0.5906183368869936
XGBoost (structured + text),0.38365650969529086,0.5906183368869936
XGBoost (structured + text),0.3828016643550624,0.5884861407249466
XGBoost (structured + text),0.3819444444444444,0.5863539445628998
XGBoost (structured + text),0.38354253835425384,0.5863539445628998
XGBoost (structured + text),0.38268156424581007,0.5842217484008528
XGBoost (structured + text),0.3832167832167832,0.5842217484008528
XGBoost (structured + text),0.38375350140056025,0.5842217484008528
XGBoost (structured + text),0.38429172510518933,0.5842217484008528
XGBoost (structured + text),0.3848314606741573,0.5842217484008528
XGBoost (structured + text),0.38396624472573837,0.582089552238806
XGBoost (structured + text),0.3845070422535211,0.582089552238806
XGBoost (structured + text),0.383638928067701,0.579957356076759
XGBoost (structured + text),0.38472418670438474,0.579957356076759
XGBoost (structured + text),0.38526912181303113,0.579957356076759
XGBoost (structured + text),0.38581560283687943,0.579957356076759
XGBoost (structured + text),0.38636363636363635,0.579957356076759
XGBoost (structured + text),0.3869132290184922,0.579957356076759
XGBoost (structured + text),0.38746438746438744,0.579957356076759
XGBoost (structured + text),0.3880171184022825,0.579957356076759
XGBoost (structured + text),0.38857142857142857,0.579957356076759
XGBoost (structured + text),0.3876967095851216,0.5778251599147122
XGBoost (structured + text),0.3868194842406877,0.5756929637526652
XGBoost (structured + text),0.38737446197991393,0.5756929637526652
XGBoost (structured + text),0.3879310344827586,0.5756929637526652
XGBoost (structured + text),0.38848920863309355,0.5756929637526652
XGBoost (structured + text),0.38904899135446686,0.5756929637526652
XGBoost (structured + text),0.38816738816738816,0.5735607675906184
XGBoost (structured + text),0.3872832369942196,0.5714285714285714
XGBoost (structured + text),0.38639652677279307,0.5692963752665245
XGBoost (structured + text),0.3855072463768116,0.5671641791044776
XGBoost (structured + text),0.386066763425254,0.5671641791044776
XGBoost (structured + text),0.3866279069767442,0.5671641791044776
XGBoost (structured + text),0.38719068413391555,0.5671641791044776
XGBoost (structured + text),0.3877551020408163,0.5671641791044776
XGBoost (structured + text),0.3883211678832117,0.5671641791044776
XGBoost (structured + text),0.38823529411764707,0.5628997867803838
XGBoost (structured + text),0.38847858197932056,0.5607675906183369
XGBoost (structured + text),0.3890532544378698,0.5607675906183369
XGBoost (structured + text),0.3896296296296296,0.5607675906183369
XGBoost (structured + text),0.3887240356083086,0.55863539445629
XGBoost (structured + text),0.38930163447251115,0.55863539445629
XGBoost (structured + text),0.3898809523809524,0.55863539445629
XGBoost (structured + text),0.39046199701937406,0.55863539445629
XGBoost (structured + text),0.3895522388059702,0.5565031982942431
XGBoost (structured + text),0.38863976083707025,0.5543710021321961
XGBoost (structured + text),0.38922155688622756,0.5543710021321961
XGBoost (structured + text),0.38980509745127434,0.5543710021321961
XGBoost (structured + text),0.39006024096385544,0.5522388059701493
XGBoost (structured + text),0.39064856711915535,0.5522388059701493
XGBoost (structured + text),0.39123867069486407,0.5522388059701493
XGBoost (structured + text),0.3918305597579425,0.5522388059701493
XGBoost (structured + text),0.3915022761760243,0.5501066098081023
XGBoost (structured + text),0.39209726443769,0.5501066098081023
XGBoost (structured + text),0.3926940639269406,0.5501066098081023
XGBoost (structured + text),0.3932926829268293,0.5501066098081023
XGBoost (structured + text),0.39236641221374047,0.5479744136460555
XGBoost (structured + text),0.39143730886850153,0.5458422174840085
XGBoost (structured + text),0.39203675344563554,0.5458422174840085
XGBoost (structured + text),0.39263803680981596,0.5458422174840085
XGBoost (structured + text),0.3932411674347158,0.5458422174840085
XGBoost (structured + text),0.39384615384615385,0.5458422174840085
XGBoost (structured + text),0.39445300462249616,0.5458422174840085
XGBoost (structured + text),0.3950617283950617,0.5458422174840085
XGBoost (structured + text),0.39628482972136225,0.5458422174840085
XGBoost (structured + text),0.39689922480620154,0.5458422174840085
XGBoost (structured + text),0.39751552795031053,0.5458422174840085
XGBoost (structured + text),0.39813374805598756,0.5458422174840085
XGBoost (structured + text),0.3987538940809969,0.5458422174840085
XGBoost (structured + text),0.3984375,0.5437100213219617
XGBoost (structured + text),0.39906103286384975,0.5437100213219617
XGBoost (structured + text),0.3981191222570533,0.5415778251599147
XGBoost (structured + text),0.39717425431711145,0.5394456289978679
XGBoost (structured + text),0.3984251968503937,0.5394456289978679
XGBoost (structured + text),0.3990536277602524,0.5394456289978679
XGBoost (structured + text),0.3981042654028436,0.5373134328358209
XGBoost (structured + text),0.3987341772151899,0.5373134328358209
XGBoost (structured + text),0.3993660855784469,0.5373134328358209
XGBoost (structured + text),0.4,0.5373134328358209
XGBoost (structured + text),0.40063593004769477,0.5373134328358209
XGBoost (structured + text),0.4012738853503185,0.5373134328358209
XGBoost (structured + text),0.4003189792663477,0.535181236673774
XGBoost (structured + text),0.40161290322580645,0.5309168443496801
XGBoost (structured + text),0.40226171243941844,0.5309168443496801
XGBoost (structured + text),0.4029126213592233,0.5309168443496801
XGBoost (structured + text),0.4035656401944895,0.5309168443496801
XGBoost (structured + text),0.4042207792207792,0.5309168443496801
XGBoost (structured + text),0.40487804878048783,0.5309168443496801
XGBoost (structured + text),0.40522875816993464,0.5287846481876333
XGBoost (structured + text),0.40589198036006546,0.5287846481876333
XGBoost (structured + text),0.4065573770491803,0.5287846481876333
XGBoost (structured + text),0.4072249589490969,0.5287846481876333
XGBoost (structured + text),0.40789473684210525,0.5287846481876333
XGBoost (structured + text),0.4085667215815486,0.5287846481876333
XGBoost (structured + text),0.40924092409240925,0.5287846481876333
XGBoost (structured + text),0.40826446280991735,0.5266524520255863
XGBoost (structured + text),0.40894039735099336,0.5266524520255863
XGBoost (structured + text),0.4096185737976783,0.5266524520255863
XGBoost (structured + text),0.41029900332225916,0.5266524520255863
XGBoost (structured + text),0.40931780366056575,0.5245202558635395
XGBoost (structured + text),0.4083333333333333,0.5223880597014925
XGBoost (structured + text),0.4090150250417362,0.5223880597014925
XGBoost (structured + text),0.4096989966555184,0.5223880597014925
XGBoost (structured + text),0.4103852596314908,0.5223880597014925
XGBoost (structured + text),0.40939597315436244,0.5202558635394456
XGBoost (structured + text),0.4084033613445378,0.5181236673773987
XGBoost (structured + text),0.4090909090909091,0.5181236673773987
XGBoost (structured + text),0.40978077571669475,0.5181236673773987
XGBoost (structured + text),0.41047297297297297,0.5181236673773987
XGBoost (structured + text),0.41116751269035534,0.5181236673773987
XGBoost (structured + text),0.411864406779661,0.5181236673773987
XGBoost (structured + text),0.413265306122449,0.5181236673773987
XGBoost (structured + text),0.41396933560477,0.5181236673773987
XGBoost (structured + text),0.41467576791808874,0.5181236673773987
XGBoost (structured + text),0.41367521367521365,0.5159914712153518
XGBoost (structured + text),0.4126712328767123,0.5138592750533049
XGBoost (structured + text),0.41337907375643224,0.5138592750533049
XGBoost (structured + text),0.41237113402061853,0.511727078891258
XGBoost (structured + text),0.41308089500860584,0.511727078891258
XGBoost (structured + text),0.41206896551724137,0.509594882729211
XGBoost (structured + text),0.4110535405872193,0.5074626865671642
XGBoost (structured + text),0.4100346020761246,0.5053304904051172
XGBoost (structured + text),0.41074523396880414,0.5053304904051172
XGBoost (structured + text),0.4097222222222222,0.5031982942430704
XGBoost (structured + text),0.40869565217391307,0.5010660980810234
XGBoost (structured + text),0.4094076655052265,0.5010660980810234
XGBoost (structured + text),0.41012216404886565,0.5010660980810234
XGBoost (structured + text),0.4115586690017513,0.5010660980810234
XGBoost (structured + text),0.41228070175438597,0.5010660980810234
XGBoost (structured + text),0.4130052724077329,0.5010660980810234
XGBoost (structured + text),0.4119718309859155,0.4989339019189765
XGBoost (structured + text),0.4126984126984127,0.4989339019189765
XGBoost (structured + text),0.4134275618374558,0.4989339019189765
XGBoost (structured + text),0.41238938053097346,0.4968017057569296
XGBoost (structured + text),0.41312056737588654,0.4968017057569296
XGBoost (structured + text),0.413854351687389,0.4968017057569296
XGBoost (structured + text),0.41459074733096085,0.4968017057569296
XGBoost (structured + text),0.41532976827094475,0.4968017057569296
XGBoost (structured + text),0.4160714285714286,0.4968017057569296
XGBoost (structured + text),0.41681574239713776,0.4968017057569296
XGBoost (structured + text),0.4157706093189964,0.4946695095948827
XGBoost (structured + text),0.41651705565529623,0.4946695095948827
XGBoost (structured + text),0.4154676258992806,0.4925373134328358
XGBoost (structured + text),0.41621621621621624,0.4925373134328358
XGBoost (structured + text),0.41696750902527074,0.4925373134328358
XGBoost (structured + text),0.4177215189873418,0.4925373134328358
XGBoost (structured + text),0.41847826086956524,0.4925373134328358
XGBoost (structured + text),0.4192377495462795,0.4925373134328358
XGBoost (structured + text),0.41818181818181815,0.4904051172707889
XGBoost (structured + text),0.41894353369763204,0.4904051172707889
XGBoost (structured + text),0.4197080291970803,0.4904051172707889
XGBoost (structured + text),0.41834862385321103,0.4861407249466951
XGBoost (structured + text),0.41911764705882354,0.4861407249466951
XGBoost (structured + text),0.4198895027624309,0.4861407249466951
XGBoost (structured + text),0.42066420664206644,0.4861407249466951
XGBoost (structured + text),0.4214417744916821,0.4861407249466951
XGBoost (structured + text),0.4203703703703704,0.4840085287846482
XGBoost (structured + text),0.42115027829313545,0.4840085287846482
XGBoost (structured + text),0.42193308550185876,0.4840085287846482
XGBoost (structured + text),0.4224299065420561,0.48187633262260127
XGBoost (structured + text),0.4232209737827715,0.48187633262260127
XGBoost (structured + text),0.42401500938086306,0.48187633262260127
XGBoost (structured + text),0.424812030075188,0.48187633262260127
XGBoost (structured + text),0.4256120527306968,0.48187633262260127
XGBoost (structured + text),0.42641509433962266,0.48187633262260127
XGBoost (structured + text),0.42533081285444235,0.47974413646055436
XGBoost (structured + text),0.42613636363636365,0.47974413646055436
XGBoost (structured + text),0.4269449715370019,0.47974413646055436
XGBoost (structured + text),0.42585551330798477,0.47761194029850745
XGBoost (structured + text),0.4266666666666667,0.47761194029850745
XGBoost (structured + text),0.42748091603053434,0.47761194029850745
XGBoost (structured + text),0.42638623326959846,0.47547974413646055
XGBoost (structured + text),0.42418426103646834,0.47121535181236673
XGBoost (structured + text),0.4230769230769231,0.4690831556503198
XGBoost (structured + text),0.4238921001926782,0.4690831556503198
XGBoost (structured + text),0.42277992277992277,0.4669509594882729
XGBoost (structured + text),0.42166344294003866,0.464818763326226
XGBoost (structured + text),0.42054263565891475,0.4626865671641791
XGBoost (structured + text),0.42217898832684825,0.4626865671641791
XGBoost (structured + text),0.42300194931773877,0.4626865671641791
XGBoost (structured + text),0.423828125,0.4626865671641791
XGBoost (structured + text),0.4246575342465753,0.4626865671641791
XGBoost (structured + text),0.4235294117647059,0.4605543710021322
XGBoost (structured + text),0.4243614931237721,0.4605543710021322
XGBoost (structured + text),0.42322834645669294,0.4584221748400853
XGBoost (structured + text),0.42209072978303747,0.4562899786780384
XGBoost (structured + text),0.4209486166007905,0.4541577825159915
XGBoost (structured + text),0.42178217821782177,0.4541577825159915
XGBoost (structured + text),0.4226190476190476,0.4541577825159915
XGBoost (structured + text),0.4234592445328032,0.4541577825159915
XGBoost (structured + text),0.4243027888446215,0.4541577825159915
XGBoost (structured + text),0.4251497005988024,0.4541577825159915
XGBoost (structured + text),0.426,0.4541577825159915
XGBoost (structured + text),0.42369477911646586,0.44989339019189767
XGBoost (structured + text),0.4245472837022133,0.44989339019189767
XGBoost (structured + text),0.4262626262626263,0.44989339019189767
XGBoost (structured + text),0.4271255060728745,0.44989339019189767
XGBoost (structured + text),0.4279918864097363,0.44989339019189767
XGBoost (structured + text),0.4268292682926829,0.44776119402985076
XGBoost (structured + text),0.42769857433808556,0.44776119402985076
XGBoost (structured + text),0.42857142857142855,0.44776119402985076
XGBoost (structured + text),0.4294478527607362,0.44776119402985076
XGBoost (structured + text),0.430327868852459,0.44776119402985076
XGBoost (structured + text),0.43121149897330596,0.44776119402985076
XGBoost (structured + text),0.43209876543209874,0.44776119402985076
XGBoost (structured + text),0.43478260869565216,0.44776119402985076
XGBoost (structured + text),0.43568464730290457,0.44776119402985076
XGBoost (structured + text),0.4411764705882353,0.44776119402985076
XGBoost (structured + text),0.4430379746835443,0.44776119402985076
XGBoost (structured + text),0.4439746300211416,0.44776119402985076
XGBoost (structured + text),0.4427966101694915,0.44562899786780386
XGBoost (structured + text),0.4416135881104034,0.44349680170575695
XGBoost (structured + text),0.4425531914893617,0.44349680170575695
XGBoost (structured + text),0.44349680170575695,0.44349680170575695
XGBoost (structured + text),0.4444444444444444,0.44349680170575695
XGBoost (structured + text),0.44731182795698926,0.44349680170575695
XGBoost (structured + text),0.4482758620689655,0.44349680170575695
XGBoost (structured + text),0.44924406047516197,0.44349680170575695
XGBoost (structured + text),0.45021645021645024,0.44349680170575695
XGBoost (structured + text),0.4511930585683297,0.44349680170575695
XGBoost (structured + text),0.45217391304347826,0.44349680170575695
XGBoost (structured + text),0.4531590413943355,0.44349680170575695
XGBoost (structured + text),0.45414847161572053,0.44349680170575695
XGBoost (structured + text),0.4551422319474836,0.44349680170575695
XGBoost (structured + text),0.45494505494505494,0.44136460554371004
XGBoost (structured + text),0.45474613686534215,0.43923240938166314
XGBoost (structured + text),0.45353982300884954,0.43710021321961623
XGBoost (structured + text),0.45454545454545453,0.43710021321961623
XGBoost (structured + text),0.453125,0.43283582089552236
XGBoost (structured + text),0.4541387024608501,0.43283582089552236
XGBoost (structured + text),0.4551569506726457,0.43283582089552236
XGBoost (structured + text),0.45393258426966293,0.43070362473347545
XGBoost (structured + text),0.45495495495495497,0.43070362473347545
XGBoost (structured + text),0.45372460496614,0.42857142857142855
XGBoost (structured + text),0.45351473922902497,0.42643923240938164
XGBoost (structured + text),0.45454545454545453,0.42643923240938164
XGBoost (structured + text),0.45308924485125857,0.42217484008528783
XGBoost (structured + text),0.4541284403669725,0.42217484008528783
XGBoost (structured + text),0.45517241379310347,0.42217484008528783
XGBoost (structured + text),0.4539170506912442,0.4200426439232409
XGBoost (structured + text),0.45496535796766746,0.4200426439232409
XGBoost (structured + text),0.45601851851851855,0.4200426439232409
XGBoost (structured + text),0.4547563805104408,0.417910447761194
XGBoost (structured + text),0.4558139534883721,0.417910447761194
XGBoost (structured + text),0.45901639344262296,0.417910447761194
XGBoost (structured + text),0.460093896713615,0.417910447761194
XGBoost (structured + text),0.4588235294117647,0.4157782515991471
XGBoost (structured + text),0.46099290780141844,0.4157782515991471
XGBoost (structured + text),0.4597156398104265,0.4136460554371002
XGBoost (structured + text),0.46080760095011875,0.4136460554371002
XGBoost (structured + text),0.4595238095238095,0.4115138592750533
XGBoost (structured + text),0.45823389021479716,0.4093816631130064
XGBoost (structured + text),0.45933014354066987,0.4093816631130064
XGBoost (structured + text),0.460431654676259,0.4093816631130064
XGBoost (structured + text),0.45913461538461536,0.4072494669509595
XGBoost (structured + text),0.45893719806763283,0.4051172707889126
XGBoost (structured + text),0.4576271186440678,0.40298507462686567
XGBoost (structured + text),0.4587378640776699,0.40298507462686567
XGBoost (structured + text),0.45742092457420924,0.40085287846481876
XGBoost (structured + text),0.4585365853658537,0.40085287846481876
XGBoost (structured + text),0.4619164619164619,0.40085287846481876
XGBoost (structured + text),0.4630541871921182,0.40085287846481876
XGBoost (structured + text),0.4617283950617284,0.39872068230277186
XGBoost (structured + text),0.4634760705289673,0.39232409381663114
XGBoost (structured + text),0.46464646464646464,0.39232409381663114
XGBoost (structured + text),0.46582278481012657,0.39232409381663114
XGBoost (structured + text),0.467005076142132,0.39232409381663114
XGBoost (structured + text),0.46564885496183206,0.39019189765458423
XGBoost (structured + text),0.4642857142857143,0.3880597014925373
XGBoost (structured + text),0.46547314578005117,0.3880597014925373
XGBoost (structured + text),0.4666666666666667,0.3880597014925373
XGBoost (structured + text),0.46786632390745503,0.3880597014925373
XGBoost (structured + text),0.4763157894736842,0.3859275053304904
XGBoost (structured + text),0.47493403693931396,0.3837953091684435
XGBoost (structured + text),0.47619047619047616,0.3837953091684435
XGBoost (structured + text),0.47480106100795755,0.3816631130063966
XGBoost (structured + text),0.4745308310991957,0.3773987206823028
XGBoost (structured + text),0.47580645161290325,0.3773987206823028
XGBoost (structured + text),0.4756756756756757,0.3752665245202559
XGBoost (structured + text),0.47540983606557374,0.37100213219616207
XGBoost (structured + text),0.4725274725274725,0.36673773987206826
XGBoost (structured + text),0.47107438016528924,0.3646055437100213
XGBoost (structured + text),0.4723756906077348,0.3646055437100213
XGBoost (structured + text),0.4709141274238227,0.3624733475479744
XGBoost (structured + text),0.4722222222222222,0.3624733475479744
XGBoost (structured + text),0.4735376044568245,0.3624733475479744
XGBoost (structured + text),0.4748603351955307,0.3624733475479744
XGBoost (structured + text),0.47619047619047616,0.3624733475479744
XGBoost (structured + text),0.47752808988764045,0.3624733475479744
XGBoost (structured + text),0.480225988700565,0.3624733475479744
XGBoost (structured + text),0.47875354107648727,0.3603411513859275
XGBoost (structured + text),0.48011363636363635,0.3603411513859275
XGBoost (structured + text),0.48148148148148145,0.3603411513859275
XGBoost (structured + text),0.4828571428571429,0.3603411513859275
XGBoost (structured + text),0.48405797101449277,0.35607675906183367
XGBoost (structured + text),0.48546511627906974,0.35607675906183367
XGBoost (structured + text),0.4868804664723032,0.35607675906183367
XGBoost (structured + text),0.4853801169590643,0.35394456289978676
XGBoost (structured + text),0.4868035190615836,0.35394456289978676
XGBoost (structured + text),0.48823529411764705,0.35394456289978676
XGBoost (structured + text),0.4896755162241888,0.35394456289978676
XGBoost (structured + text),0.4911242603550296,0.35394456289978676
XGBoost (structured + text),0.49258160237388726,0.35394456289978676
XGBoost (structured + text),0.49404761904761907,0.35394456289978676
XGBoost (structured + text),0.4955223880597015,0.35394456289978676
XGBoost (structured + text),0.4940119760479042,0.35181236673773986
XGBoost (structured + text),0.4954954954954955,0.35181236673773986
XGBoost (structured + text),0.4939759036144578,0.34968017057569295
XGBoost (structured + text),0.4954682779456193,0.34968017057569295
XGBoost (structured + text),0.49696969696969695,0.34968017057569295
XGBoost (structured + text),0.49544072948328266,0.34754797441364604
XGBoost (structured + text),0.4969512195121951,0.34754797441364604
XGBoost (structured + text),0.4984709480122324,0.34754797441364604
XGBoost (structured + text),0.5,0.34754797441364604
XGBoost (structured + text),0.5015384615384615,0.34754797441364604
XGBoost (structured + text),0.5046439628482973,0.34754797441364604
XGBoost (structured + text),0.5062111801242236,0.34754797441364604
XGBoost (structured + text),0.5077881619937694,0.34754797441364604
XGBoost (structured + text),0.509375,0.34754797441364604
XGBoost (structured + text),0.5079872204472844,0.3390191897654584
XGBoost (structured + text),0.5064102564102564,0.3368869936034115
XGBoost (structured + text),0.5048231511254019,0.3347547974413646
XGBoost (structured + text),0.5048543689320388,0.3326226012793177
XGBoost (structured + text),0.5064935064935064,0.3326226012793177
XGBoost (structured + text),0.504885993485342,0.3304904051172708
XGBoost (structured + text),0.5065359477124183,0.3304904051172708
XGBoost (structured + text),0.5081967213114754,0.3304904051172708
XGBoost (structured + text),0.5098684210526315,0.3304904051172708
XGBoost (structured + text),0.5115511551155115,0.3304904051172708
XGBoost (structured + text),0.5099337748344371,0.3283582089552239
XGBoost (structured + text),0.5083056478405316,0.326226012793177
XGBoost (structured + text),0.51,0.326226012793177
XGBoost (structured + text),0.5117056856187291,0.326226012793177
XGBoost (structured + text),0.5100671140939598,0.32409381663113007
XGBoost (structured + text),0.5084175084175084,0.32196162046908317
XGBoost (structured + text),0.5067567567567568,0.31982942430703626
XGBoost (structured + text),0.5084745762711864,0.31982942430703626
XGBoost (structured + text),0.5068027210884354,0.31769722814498935
XGBoost (structured + text),0.5085324232081911,0.31769722814498935
XGBoost (structured + text),0.5068493150684932,0.31556503198294245
XGBoost (structured + text),0.5085910652920962,0.31556503198294245
XGBoost (structured + text),0.5103448275862069,0.31556503198294245
XGBoost (structured + text),0.5086505190311419,0.31343283582089554
XGBoost (structured + text),0.5104166666666666,0.31343283582089554
XGBoost (structured + text),0.5087108013937283,0.31130063965884863
XGBoost (structured + text),0.506993006993007,0.3091684434968017
XGBoost (structured + text),0.5087719298245614,0.3091684434968017
XGBoost (structured + text),0.5105633802816901,0.3091684434968017
XGBoost (structured + text),0.508833922261484,0.3070362473347548
XGBoost (structured + text),0.5070921985815603,0.3049040511727079
XGBoost (structured + text),0.5107142857142857,0.3049040511727079
XGBoost (structured + text),0.5089605734767025,0.302771855010661
XGBoost (structured + text),0.5107913669064749,0.302771855010661
XGBoost (structured + text),0.5090252707581228,0.3006396588486141
XGBoost (structured + text),0.5072463768115942,0.29850746268656714
XGBoost (structured + text),0.5054545454545455,0.29637526652452023
XGBoost (structured + text),0.5072992700729927,0.29637526652452023
XGBoost (structured + text),0.5054945054945055,0.2942430703624733
XGBoost (structured + text),0.5036764705882353,0.2921108742004264
XGBoost (structured + text),0.5055350553505535,0.2921108742004264
XGBoost (structured + text),0.5037037037037037,0.2899786780383795
XGBoost (structured + text),0.5075187969924813,0.2878464818763326
XGBoost (structured + text),0.5094339622641509,0.2878464818763326
XGBoost (structured + text),0.5075757575757576,0.2857142857142857
XGBoost (structured + text),0.5076923076923077,0.2814498933901919
XGBoost (structured + text),0.5057915057915058,0.279317697228145
XGBoost (structured + text),0.5038759689922481,0.2771855010660981
XGBoost (structured + text),0.50390625,0.27505330490405117
XGBoost (structured + text),0.5019607843137255,0.27292110874200426
XGBoost (structured + text),0.5,0.27078891257995735
XGBoost (structured + text),0.4980237154150198,0.26865671641791045
XGBoost (structured + text),0.5,0.26865671641791045
XGBoost (structured + text),0.50199203187251,0.26865671641791045
XGBoost (structured + text),0.5,0.26652452025586354
XGBoost (structured + text),0.4959677419354839,0.2622601279317697
XGBoost (structured + text),0.4939271255060729,0.2601279317697228
XGBoost (structured + text),0.49795918367346936,0.2601279317697228
XGBoost (structured + text),0.5,0.2601279317697228
XGBoost (structured + text),0.5020576131687243,0.2601279317697228
XGBoost (structured + text),0.5041322314049587,0.2601279317697228
XGBoost (structured + text),0.5062240663900415,0.2601279317697228
XGBoost (structured + text),0.5083333333333333,0.2601279317697228
XGBoost (structured + text),0.5062761506276151,0.2579957356076759
XGBoost (structured + text),0.510548523206751,0.2579957356076759
XGBoost (structured + text),0.5084745762711864,0.255863539445629
XGBoost (structured + text),0.5106382978723404,0.255863539445629
XGBoost (structured + text),0.5128205128205128,0.255863539445629
XGBoost (structured + text),0.5107296137339056,0.2537313432835821
XGBoost (structured + text),0.5129310344827587,0.2537313432835821
XGBoost (structured + text),0.5151515151515151,0.2537313432835821
XGBoost (structured + text),0.5173913043478261,0.2537313432835821
XGBoost (structured + text),0.519650655021834,0.2537313432835821
XGBoost (structured + text),0.5175438596491229,0.2515991471215352
XGBoost (structured + text),0.5198237885462555,0.2515991471215352
XGBoost (structured + text),0.5176991150442478,0.24946695095948826
XGBoost (structured + text),0.52,0.24946695095948826
XGBoost (structured + text),0.5223214285714286,0.24946695095948826
XGBoost (structured + text),0.5246636771300448,0.24946695095948826
XGBoost (structured + text),0.527027027027027,0.24946695095948826
XGBoost (structured + text),0.5294117647058824,0.24946695095948826
XGBoost (structured + text),0.5318181818181819,0.24946695095948826
XGBoost (structured + text),0.5342465753424658,0.24946695095948826
XGBoost (structured + text),0.536697247706422,0.24946695095948826
XGBoost (structured + text),0.5391705069124424,0.24946695095948826
XGBoost (structured + text),0.5370370370370371,0.24733475479744135
XGBoost (structured + text),0.5308056872037915,0.23880597014925373
XGBoost (structured + text),0.5333333333333333,0.23880597014925373
XGBoost (structured + text),0.5358851674641149,0.23880597014925373
XGBoost (structured + text),0.5384615384615384,0.23880597014925373
XGBoost (structured + text),0.5410628019323671,0.23880597014925373
XGBoost (structured + text),0.5436893203883495,0.23880597014925373
XGBoost (structured + text),0.5414634146341464,0.23667377398720682
XGBoost (structured + text),0.5441176470588235,0.23667377398720682
XGBoost (structured + text),0.541871921182266,0.2345415778251599
XGBoost (structured + text),0.5396039603960396,0.232409381663113
XGBoost (structured + text),0.5373134328358209,0.2302771855010661
XGBoost (structured + text),0.54,0.2302771855010661
XGBoost (structured + text),0.5376884422110553,0.2281449893390192
XGBoost (structured + text),0.5404040404040404,0.2281449893390192
XGBoost (structured + text),0.5431472081218274,0.2281449893390192
XGBoost (structured + text),0.5487179487179488,0.2281449893390192
XGBoost (structured + text),0.5463917525773195,0.2260127931769723
XGBoost (structured + text),0.5492227979274611,0.2260127931769723
XGBoost (structured + text),0.546875,0.22388059701492538
XGBoost (structured + text),0.5497382198952879,0.22388059701492538
XGBoost (structured + text),0.5555555555555556,0.22388059701492538
XGBoost (structured + text),0.5585106382978723,0.22388059701492538
XGBoost (structured + text),0.5567567567567567,0.21961620469083157
XGBoost (structured + text),0.5597826086956522,0.21961620469083157
XGBoost (structured + text),0.5573770491803278,0.21748400852878466
XGBoost (structured + text),0.554945054945055,0.21535181236673773
XGBoost (structured + text),0.5580110497237569,0.21535181236673773
XGBoost (structured + text),0.5555555555555556,0.21321961620469082
XGBoost (structured + text),0.5664739884393064,0.208955223880597
XGBoost (structured + text),0.5697674418604651,0.208955223880597
XGBoost (structured + text),0.5672514619883041,0.2068230277185501
XGBoost (structured + text),0.5705882352941176,0.2068230277185501
XGBoost (structured + text),0.5739644970414202,0.2068230277185501
XGBoost (structured + text),0.5714285714285714,0.2046908315565032
XGBoost (structured + text),0.5670731707317073,0.19829424307036247
XGBoost (structured + text),0.5644171779141104,0.19616204690831557
XGBoost (structured + text),0.5679012345679012,0.19616204690831557
XGBoost (structured + text),0.5714285714285714,0.19616204690831557
XGBoost (structured + text),0.575,0.19616204690831557
XGBoost (structured + text),0.567741935483871,0.18763326226012794
XGBoost (structured + text),0.5714285714285714,0.18763326226012794
XGBoost (structured + text),0.5751633986928104,0.18763326226012794
XGBoost (structured + text),0.5789473684210527,0.18763326226012794
XGBoost (structured + text),0.5827814569536424,0.18763326226012794
XGBoost (structured + text),0.5838926174496645,0.18550106609808104
XGBoost (structured + text),0.5753424657534246,0.1791044776119403
XGBoost (structured + text),0.5793103448275863,0.1791044776119403
XGBoost (structured + text),0.5763888888888888,0.17697228144989338
XGBoost (structured + text),0.5734265734265734,0.17484008528784648
XGBoost (structured + text),0.5704225352112676,0.17270788912579957
XGBoost (structured + text),0.5714285714285714,0.17057569296375266
XGBoost (structured + text),0.5755395683453237,0.17057569296375266
XGBoost (structured + text),0.5797101449275363,0.17057569296375266
XGBoost (structured + text),0.5925925925925926,0.17057569296375266
XGBoost (structured + text),0.5895522388059702,0.16844349680170576
XGBoost (structured + text),0.5864661654135338,0.16631130063965885
XGBoost (structured + text),0.5833333333333334,0.16417910447761194
XGBoost (structured + text),0.5813953488372093,0.15991471215351813
XGBoost (structured + text),0.578125,0.15778251599147122
XGBoost (structured + text),0.5748031496062992,0.15565031982942432
XGBoost (structured + text),0.5714285714285714,0.1535181236673774
XGBoost (structured + text),0.568,0.1513859275053305
XGBoost (structured + text),0.5725806451612904,0.1513859275053305
XGBoost (structured + text),0.5691056910569106,0.14925373134328357
XGBoost (structured + text),0.5737704918032787,0.14925373134328357
XGBoost (structured + text),0.5785123966942148,0.14925373134328357
XGBoost (structured + text),0.5833333333333334,0.14925373134328357
XGBoost (structured + text),0.5877192982456141,0.14285714285714285
XGBoost (structured + text),0.5929203539823009,0.14285714285714285
XGBoost (structured + text),0.6,0.14072494669509594
XGBoost (structured + text),0.6055045871559633,0.14072494669509594
XGBoost (structured + text),0.6018518518518519,0.13859275053304904
XGBoost (structured + text),0.5981308411214953,0.13646055437100213
XGBoost (structured + text),0.6037735849056604,0.13646055437100213
XGBoost (structured + text),0.6,0.13432835820895522
XGBoost (structured + text),0.6116504854368932,0.13432835820895522
XGBoost (structured + text),0.6138613861386139,0.13219616204690832
XGBoost (structured + text),0.6122448979591837,0.1279317697228145
XGBoost (structured + text),0.6082474226804123,0.1257995735607676
XGBoost (structured + text),0.6145833333333334,0.1257995735607676
XGBoost (structured + text),0.6105263157894737,0.12366737739872068
XGBoost (structured + text),0.6170212765957447,0.12366737739872068
XGBoost (structured + text),0.6236559139784946,0.12366737739872068
XGBoost (structured + text),0.6195652173913043,0.12153518123667377
XGBoost (structured + text),0.6263736263736264,0.12153518123667377
XGBoost (structured + text),0.6333333333333333,0.12153518123667377
XGBoost (structured + text),0.6404494382022472,0.12153518123667377
XGBoost (structured + text),0.6477272727272727,0.12153518123667377
XGBoost (structured + text),0.6436781609195402,0.11940298507462686
XGBoost (structured + text),0.6395348837209303,0.11727078891257996
XGBoost (structured + text),0.6352941176470588,0.11513859275053305
XGBoost (structured + text),0.6428571428571429,0.11513859275053305
XGBoost (structured + text),0.6385542168674698,0.11300639658848614
XGBoost (structured + text),0.6463414634146342,0.11300639658848614
XGBoost (structured + text),0.654320987654321,0.11300639658848614
XGBoost (structured + text),0.6625,0.11300639658848614
XGBoost (structured + text),0.6891891891891891,0.10874200426439233
XGBoost (structured + text),0.6986301369863014,0.10874200426439233
XGBoost (structured + text),0.6944444444444444,0.10660980810234541
XGBoost (structured + text),0.6901408450704225,0.1044776119402985
XGBoost (structured + text),0.6956521739130435,0.1023454157782516
XGBoost (structured + text),0.6911764705882353,0.10021321961620469
XGBoost (structured + text),0.6865671641791045,0.09808102345415778
XGBoost (structured + text),0.703125,0.09594882729211088
XGBoost (structured + text),0.6833333333333333,0.08742004264392324
XGBoost (structured + text),0.6779661016949152,0.08528784648187633
XGBoost (structured + text),0.6724137931034483,0.08315565031982942
XGBoost (structured + text),0.6666666666666666,0.08102345415778252
XGBoost (structured + text),0.6607142857142857,0.07889125799573561
XGBoost (structured + text),0.6730769230769231,0.07462686567164178
XGBoost (structured + text),0.6666666666666666,0.07249466950959488
XGBoost (structured + text),0.6938775510204082,0.07249466950959488
XGBoost (structured + text),0.6875,0.07036247334754797
XGBoost (structured + text),0.6808510638297872,0.06823027718550106
XGBoost (structured + text),0.6739130434782609,0.06609808102345416
XGBoost (structured + text),0.6666666666666666,0.06396588486140725
XGBoost (structured + text),0.6818181818181818,0.06396588486140725
XGBoost (structured + text),0.6744186046511628,0.06183368869936034
XGBoost (structured + text),0.6585365853658537,0.057569296375266525
XGBoost (structured + text),0.65,0.05543710021321962
XGBoost (structured + text),0.6666666666666666,0.05543710021321962
XGBoost (structured + text),0.6842105263157895,0.05543710021321962
XGBoost (structured + text),0.7027027027027027,0.05543710021321962
XGBoost (structured + text),0.7222222222222222,0.05543710021321962
XGBoost (structured + text),0.7142857142857143,0.053304904051172705
XGBoost (structured + text),0.7058823529411765,0.0511727078891258
XGBoost (structured + text),0.696969696969697,0.04904051172707889
XGBoost (structured + text),0.6875,0.046908315565031986
XGBoost (structured + text),0.6896551724137931,0.042643923240938165
XGBoost (structured + text),0.7142857142857143,0.042643923240938165
XGBoost (structured + text),0.7083333333333334,0.03624733475479744
XGBoost (structured + text),0.625,0.021321961620469083
XGBoost (structured + text),0.6,0.019189765458422176
XGBoost (structured + text),0.6923076923076923,0.019189765458422176
XGBoost (structured + text),0.6666666666666666,0.017057569296375266
XGBoost (structured + text),0.7272727272727273,0.017057569296375266
XGBoost (structured + text),0.8,0.017057569296375266
XGBoost (structured + text),0.7777777777777778,0.014925373134328358
XGBoost (structured + text),0.8333333333333334,0.010660980810234541
XGBoost (structured + text),1.0,0.010660980810234541
XGBoost (structured + text),1.0,0.0
